SET SQL_MODE="NO_AUTO_VALUE_ON_ZERO";


/*!40101 SET @OLD_CHARACTER_SET_CLIENT=@@CHARACTER_SET_CLIENT */;
/*!40101 SET @OLD_CHARACTER_SET_RESULTS=@@CHARACTER_SET_RESULTS */;
/*!40101 SET @OLD_COLLATION_CONNECTION=@@COLLATION_CONNECTION */;
/*!40101 SET NAMES utf8 */;



-- --------------------------------------------------------





DROP TABLE IF EXISTS `bg_de_relation`;
CREATE TABLE IF NOT EXISTS `bg_de_relation` (
  `from_word_id` smallint(6) NOT NULL DEFAULT '0',
  `to_word_id` smallint(6) NOT NULL DEFAULT '0',
  PRIMARY KEY (`from_word_id`,`to_word_id`),
  KEY `bg_de_relation_to_word_id_de_word_id` (`to_word_id`)
) ENGINE=InnoDB DEFAULT CHARSET=utf8;





INSERT INTO `bg_de_relation` (`from_word_id`, `to_word_id`) VALUES
(1, 1),
(2, 2),
(3, 3),
(4, 4),
(4, 5),
(4, 6),
(4, 7),
(4, 8),
(5, 9),
(6, 10),
(7, 11),
(8, 12),
(381, 12),
(8, 13),
(381, 13),
(9, 14),
(10, 15),
(11, 16),
(12, 17),
(13, 18),
(14, 19),
(15, 20),
(16, 21),
(17, 22),
(18, 23),
(19, 24),
(20, 25),
(21, 26),
(22, 27),
(26, 27),
(23, 28),
(24, 29),
(25, 30),
(27, 31),
(28, 32),
(29, 33),
(30, 34),
(31, 35),
(32, 36),
(33, 37),
(34, 38),
(35, 39),
(36, 40),
(37, 41),
(38, 42),
(39, 43),
(40, 44),
(41, 45),
(41, 46),
(42, 47),
(43, 48),
(44, 49),
(45, 50),
(46, 51),
(47, 52),
(47, 53),
(48, 54),
(48, 55),
(49, 56),
(49, 57),
(50, 58),
(51, 59),
(52, 60),
(53, 61),
(54, 62),
(55, 63),
(56, 64),
(57, 65),
(58, 66),
(59, 67),
(60, 68),
(61, 69),
(62, 70),
(63, 71),
(64, 72),
(65, 73),
(66, 74),
(67, 75),
(68, 76),
(69, 77),
(70, 78),
(71, 79),
(72, 80),
(73, 81),
(74, 82),
(75, 83),
(76, 84),
(77, 85),
(78, 86),
(79, 87),
(80, 88),
(80, 89),
(81, 90),
(82, 91),
(83, 92),
(84, 93),
(85, 94),
(87, 95),
(88, 96),
(91, 97),
(92, 98),
(93, 99),
(93, 100),
(94, 101),
(89, 102),
(90, 103),
(95, 104),
(96, 105),
(97, 106),
(98, 107),
(99, 108),
(742, 108),
(101, 109),
(103, 110),
(102, 111),
(104, 112),
(104, 113),
(108, 113),
(104, 114),
(105, 115),
(582, 115),
(86, 116),
(106, 117),
(107, 118),
(107, 119),
(109, 120),
(110, 121),
(111, 122),
(112, 123),
(113, 124),
(114, 125),
(115, 126),
(116, 127),
(117, 128),
(118, 129),
(119, 130),
(120, 131),
(121, 132),
(122, 133),
(123, 134),
(124, 135),
(125, 136),
(125, 137),
(125, 138),
(125, 139),
(126, 140),
(127, 141),
(128, 142),
(129, 142),
(130, 143),
(131, 144),
(132, 145),
(133, 146),
(134, 147),
(135, 148),
(136, 149),
(137, 150),
(138, 151),
(139, 152),
(460, 152),
(140, 153),
(141, 154),
(142, 155),
(142, 156),
(143, 157),
(144, 158),
(145, 159),
(146, 160),
(147, 161),
(148, 162),
(149, 163),
(150, 164),
(152, 165),
(151, 166),
(153, 167),
(154, 168),
(464, 168),
(155, 169),
(156, 170),
(157, 171),
(158, 172),
(159, 173),
(160, 174),
(161, 175),
(162, 176),
(163, 177),
(164, 178),
(165, 179),
(166, 180),
(167, 181),
(168, 182),
(169, 183),
(170, 184),
(171, 185),
(172, 186),
(173, 187),
(174, 188),
(175, 189),
(176, 190),
(177, 191),
(178, 192),
(179, 193),
(180, 194),
(181, 195),
(182, 196),
(183, 197),
(184, 198),
(185, 199),
(185, 200),
(186, 201),
(187, 202),
(188, 203),
(189, 204),
(190, 205),
(191, 206),
(192, 207),
(193, 208),
(194, 209),
(195, 210),
(196, 211),
(198, 212),
(199, 213),
(201, 214),
(200, 215),
(202, 216),
(203, 217),
(754, 217),
(203, 218),
(204, 219),
(205, 220),
(206, 221),
(207, 222),
(208, 223),
(209, 224),
(210, 225),
(211, 226),
(212, 227),
(213, 228),
(214, 229),
(215, 230),
(216, 231),
(217, 232),
(219, 233),
(220, 234),
(218, 235),
(221, 236),
(537, 236),
(812, 236),
(222, 237),
(223, 238),
(224, 239),
(224, 240),
(225, 241),
(226, 242),
(227, 243),
(228, 244),
(229, 245),
(230, 246),
(231, 247),
(693, 247),
(232, 248),
(233, 249),
(233, 250),
(234, 251),
(235, 252),
(236, 253),
(237, 254),
(238, 255),
(239, 256),
(240, 257),
(241, 258),
(242, 259),
(243, 260),
(244, 261),
(245, 262),
(559, 262),
(246, 263),
(247, 264),
(248, 265),
(249, 266),
(250, 267),
(251, 268),
(252, 269),
(253, 270),
(254, 271),
(256, 272),
(255, 273),
(257, 274),
(258, 275),
(259, 276),
(260, 277),
(261, 278),
(262, 279),
(263, 280),
(264, 281),
(265, 282),
(266, 283),
(267, 284),
(268, 285),
(269, 286),
(270, 287),
(271, 288),
(272, 289),
(273, 290),
(274, 291),
(275, 292),
(276, 293),
(277, 294),
(277, 295),
(278, 296),
(279, 297),
(281, 298),
(280, 299),
(282, 300),
(283, 301),
(284, 302),
(285, 303),
(286, 304),
(386, 304),
(287, 305),
(288, 306),
(289, 307),
(290, 308),
(291, 309),
(292, 310),
(293, 311),
(294, 312),
(295, 313),
(296, 314),
(297, 315),
(298, 316),
(299, 317),
(300, 318),
(301, 319),
(302, 320),
(303, 321),
(304, 322),
(305, 323),
(306, 324),
(307, 325),
(308, 326),
(309, 327),
(310, 328),
(311, 329),
(312, 330),
(313, 331),
(314, 332),
(315, 333),
(316, 334),
(317, 335),
(318, 336),
(319, 337),
(320, 338),
(321, 339),
(322, 340),
(323, 341),
(323, 342),
(324, 343),
(324, 344),
(325, 345),
(325, 346),
(326, 347),
(326, 348),
(327, 349),
(328, 350),
(329, 351),
(330, 352),
(331, 353),
(332, 354),
(333, 355),
(334, 356),
(335, 357),
(336, 358),
(337, 359),
(338, 360),
(339, 361),
(340, 362),
(341, 363),
(342, 364),
(343, 365),
(344, 366),
(345, 367),
(348, 367),
(346, 368),
(347, 369),
(349, 369),
(350, 370),
(350, 371),
(351, 372),
(352, 373),
(353, 374),
(354, 375),
(355, 376),
(356, 377),
(357, 378),
(358, 379),
(359, 380),
(360, 381),
(361, 382),
(362, 383),
(363, 384),
(364, 385),
(365, 386),
(366, 387),
(366, 388),
(367, 389),
(368, 390),
(368, 391),
(369, 392),
(370, 393),
(371, 394),
(372, 395),
(373, 396),
(374, 397),
(375, 398),
(376, 399),
(377, 400),
(378, 401),
(379, 402),
(380, 403),
(382, 404),
(383, 405),
(384, 406),
(385, 407),
(387, 408),
(389, 409),
(392, 410),
(390, 411),
(391, 411),
(393, 412),
(394, 413),
(395, 414),
(396, 415),
(397, 416),
(398, 417),
(399, 418),
(400, 419),
(402, 420),
(401, 421),
(403, 422),
(404, 423),
(405, 424),
(406, 425),
(407, 426),
(408, 427),
(409, 428),
(410, 429),
(411, 430),
(412, 431),
(413, 432),
(414, 433),
(415, 434),
(416, 435),
(417, 436),
(418, 437),
(419, 438),
(420, 439),
(421, 440),
(422, 441),
(423, 442),
(424, 443),
(425, 444),
(426, 445),
(427, 446),
(429, 447),
(431, 448),
(430, 449),
(432, 450),
(433, 451),
(388, 452),
(434, 453),
(438, 454),
(435, 455),
(436, 456),
(439, 457),
(437, 458),
(440, 459),
(441, 460),
(442, 461),
(443, 462),
(444, 463),
(445, 464),
(446, 465),
(447, 466),
(448, 467),
(449, 468),
(450, 469),
(451, 470),
(451, 471),
(452, 472),
(455, 473),
(453, 474),
(454, 475),
(456, 476),
(457, 477),
(458, 478),
(459, 479),
(461, 480),
(462, 481),
(463, 482),
(465, 483),
(466, 484),
(467, 485),
(468, 486),
(469, 487),
(470, 488),
(471, 489),
(472, 490),
(473, 491),
(474, 492),
(475, 493),
(476, 494),
(477, 495),
(479, 496),
(480, 497),
(478, 498),
(481, 499),
(482, 500),
(483, 501),
(484, 502),
(485, 503),
(486, 504),
(487, 505),
(488, 506),
(489, 507),
(491, 508),
(492, 509),
(492, 510),
(493, 511),
(494, 512),
(495, 513),
(496, 514),
(497, 515),
(498, 516),
(498, 517),
(499, 518),
(500, 519),
(501, 520),
(502, 521),
(504, 522),
(506, 523),
(507, 524),
(505, 525),
(508, 526),
(509, 527),
(509, 528),
(510, 529),
(511, 530),
(512, 531),
(515, 532),
(687, 532),
(516, 533),
(517, 534),
(513, 535),
(519, 536),
(520, 537),
(521, 538),
(518, 539),
(522, 540),
(523, 541),
(524, 542),
(525, 543),
(525, 544),
(526, 545),
(527, 546),
(528, 547),
(529, 548),
(530, 549),
(531, 550),
(532, 551),
(533, 552),
(534, 553),
(535, 554),
(536, 555),
(538, 556),
(539, 557),
(540, 558),
(541, 559),
(542, 560),
(543, 561),
(514, 562),
(544, 563),
(545, 564),
(546, 565),
(548, 566),
(549, 566),
(818, 566),
(550, 567),
(551, 568),
(552, 569),
(553, 570),
(554, 571),
(555, 572),
(556, 573),
(547, 574),
(557, 575),
(557, 576),
(558, 577),
(560, 578),
(670, 578),
(561, 579),
(562, 580),
(563, 581),
(647, 581),
(564, 582),
(567, 583),
(568, 584),
(569, 585),
(571, 586),
(572, 587),
(573, 588),
(574, 589),
(575, 590),
(576, 591),
(577, 592),
(578, 593),
(579, 594),
(580, 595),
(581, 596),
(583, 597),
(584, 598),
(585, 599),
(585, 600),
(586, 601),
(587, 602),
(588, 603),
(589, 604),
(589, 605),
(590, 606),
(591, 607),
(592, 608),
(593, 609),
(594, 610),
(595, 611),
(596, 612),
(596, 613),
(597, 614),
(598, 615),
(599, 616),
(600, 617),
(601, 618),
(602, 619),
(603, 620),
(604, 621),
(605, 622),
(606, 623),
(606, 624),
(607, 625),
(608, 626),
(609, 627),
(610, 628),
(611, 629),
(612, 630),
(613, 631),
(614, 632),
(615, 633),
(616, 634),
(617, 635),
(618, 636),
(619, 637),
(620, 638),
(621, 639),
(621, 640),
(621, 641),
(624, 642),
(625, 643),
(622, 644),
(623, 645),
(626, 646),
(627, 647),
(628, 648),
(629, 649),
(630, 650),
(631, 651),
(632, 652),
(633, 653),
(634, 654),
(635, 655),
(635, 656),
(636, 657),
(637, 658),
(638, 659),
(766, 659),
(639, 660),
(639, 661),
(641, 662),
(642, 663),
(643, 664),
(643, 665),
(644, 666),
(645, 667),
(646, 668),
(648, 669),
(649, 670),
(650, 671),
(651, 672),
(652, 673),
(653, 674),
(654, 675),
(655, 676),
(656, 677),
(657, 678),
(658, 679),
(659, 680),
(660, 681),
(661, 682),
(662, 683),
(663, 684),
(664, 685),
(665, 686),
(666, 687),
(667, 688),
(668, 689),
(669, 690),
(671, 691),
(673, 692),
(672, 693),
(674, 694),
(675, 695),
(676, 696),
(677, 697),
(678, 698),
(678, 699),
(679, 700),
(680, 701),
(681, 702),
(640, 703),
(682, 704),
(683, 705),
(684, 706),
(685, 707),
(686, 708),
(688, 709),
(689, 710),
(690, 711),
(691, 712),
(692, 713),
(694, 714),
(695, 715),
(696, 716),
(697, 717),
(697, 718),
(698, 719),
(698, 720),
(699, 721),
(700, 722),
(701, 723),
(702, 724),
(703, 725),
(704, 726),
(705, 727),
(706, 728),
(706, 729),
(707, 730),
(708, 731),
(709, 732),
(710, 733),
(711, 734),
(712, 735),
(713, 736),
(713, 737),
(714, 738),
(715, 739),
(716, 740),
(717, 741),
(718, 742),
(719, 743),
(720, 744),
(721, 745),
(722, 746),
(723, 747),
(724, 748),
(725, 749),
(726, 750),
(727, 751),
(728, 752),
(729, 753),
(730, 754),
(731, 755),
(732, 756),
(733, 757),
(734, 758),
(735, 759),
(736, 760),
(738, 761),
(737, 762),
(739, 763),
(740, 764),
(741, 765),
(743, 766),
(744, 767),
(745, 768),
(745, 769),
(746, 770),
(747, 771),
(748, 772),
(749, 773),
(750, 774),
(751, 775),
(752, 776),
(753, 777),
(755, 778),
(756, 779),
(757, 780),
(758, 781),
(759, 782),
(760, 783),
(761, 784),
(762, 785),
(763, 786),
(764, 787),
(765, 788),
(767, 789),
(768, 790),
(769, 791),
(770, 792),
(771, 793),
(772, 794),
(773, 795),
(774, 796),
(775, 797),
(776, 798),
(777, 799),
(778, 800),
(779, 801),
(780, 802),
(781, 803),
(782, 804),
(783, 805),
(784, 806),
(785, 807),
(786, 808),
(787, 809),
(788, 810),
(789, 811),
(790, 812),
(791, 813),
(792, 814),
(793, 815),
(794, 816),
(795, 817),
(801, 817),
(796, 818),
(797, 819),
(798, 820),
(799, 821),
(800, 822),
(802, 823),
(803, 824),
(804, 825),
(805, 826),
(806, 827),
(807, 828),
(808, 829),
(809, 830),
(810, 831),
(811, 832),
(812, 833),
(813, 834),
(814, 835),
(815, 836),
(815, 837),
(816, 838),
(817, 839),
(819, 840),
(820, 841),
(821, 842),
(822, 843),
(823, 844),
(824, 845),
(828, 846),
(825, 847),
(826, 848),
(827, 849),
(827, 850),
(829, 851),
(830, 852),
(831, 853),
(832, 854);

-- --------------------------------------------------------





DROP TABLE IF EXISTS `bg_en_relation`;
CREATE TABLE IF NOT EXISTS `bg_en_relation` (
  `from_word_id` smallint(6) NOT NULL DEFAULT '0',
  `to_word_id` smallint(6) NOT NULL DEFAULT '0',
  PRIMARY KEY (`from_word_id`,`to_word_id`),
  KEY `bg_en_relation_to_word_id_en_word_id` (`to_word_id`)
) ENGINE=InnoDB DEFAULT CHARSET=utf8;





INSERT INTO `bg_en_relation` (`from_word_id`, `to_word_id`) VALUES
(11, 1),
(5, 2),
(6, 3),
(389, 4),
(12, 5),
(7, 6),
(8, 7),
(9, 8),
(10, 9),
(735, 11),
(139, 13),
(486, 14),
(701, 15),
(702, 16),
(706, 18),
(16, 19),
(17, 22),
(16, 24),
(186, 25),
(59, 26),
(63, 27),
(61, 28),
(62, 29),
(60, 30),
(20, 32),
(21, 33),
(22, 34),
(26, 34),
(23, 35),
(25, 37),
(29, 38),
(24, 40),
(27, 41),
(28, 42),
(30, 43),
(546, 44),
(334, 45),
(32, 46),
(31, 50),
(38, 52),
(33, 53),
(37, 54),
(36, 55),
(35, 56),
(34, 57),
(831, 58),
(830, 59),
(124, 60),
(39, 63),
(408, 64),
(40, 66),
(567, 67),
(568, 68),
(41, 69),
(565, 69),
(566, 69),
(42, 70),
(194, 72),
(350, 75),
(43, 79),
(44, 80),
(45, 81),
(46, 82),
(65, 83),
(571, 87),
(57, 88),
(54, 89),
(55, 90),
(56, 91),
(58, 92),
(53, 93),
(609, 96),
(14, 97),
(15, 98),
(19, 101),
(484, 104),
(321, 105),
(698, 109),
(729, 109),
(64, 117),
(560, 118),
(670, 118),
(516, 119),
(518, 121),
(416, 122),
(825, 123),
(534, 124),
(74, 131),
(73, 132),
(75, 133),
(76, 134),
(77, 135),
(137, 136),
(78, 138),
(79, 138),
(81, 141),
(80, 142),
(82, 147),
(83, 150),
(85, 151),
(125, 152),
(125, 154),
(127, 155),
(185, 155),
(126, 156),
(452, 158),
(453, 159),
(454, 160),
(665, 161),
(259, 165),
(465, 166),
(704, 168),
(285, 170),
(286, 175),
(386, 175),
(140, 176),
(141, 178),
(287, 179),
(288, 180),
(625, 182),
(804, 186),
(803, 189),
(96, 192),
(776, 193),
(777, 195),
(778, 195),
(782, 196),
(781, 197),
(780, 199),
(779, 200),
(111, 210),
(802, 211),
(457, 212),
(461, 213),
(461, 215),
(297, 216),
(233, 218),
(234, 221),
(735, 223),
(299, 227),
(135, 230),
(300, 231),
(603, 232),
(89, 237),
(301, 239),
(451, 240),
(451, 241),
(307, 242),
(308, 243),
(302, 245),
(303, 249),
(681, 250),
(188, 253),
(187, 254),
(304, 265),
(306, 268),
(305, 271),
(317, 279),
(762, 282),
(763, 286),
(316, 287),
(309, 293),
(679, 294),
(680, 297),
(319, 298),
(318, 299),
(668, 304),
(310, 306),
(311, 306),
(312, 309),
(68, 310),
(67, 311),
(314, 312),
(313, 313),
(413, 316),
(411, 318),
(412, 324),
(315, 326),
(583, 331),
(699, 334),
(700, 339),
(254, 340),
(256, 342),
(320, 346),
(322, 347),
(705, 351),
(325, 354),
(326, 356),
(241, 357),
(684, 359),
(298, 362),
(331, 367),
(332, 368),
(333, 369),
(93, 370),
(335, 373),
(329, 377),
(807, 380),
(805, 381),
(806, 384),
(808, 386),
(134, 388),
(146, 392),
(147, 394),
(601, 396),
(599, 397),
(395, 400),
(462, 403),
(463, 404),
(154, 405),
(464, 405),
(123, 407),
(686, 408),
(237, 410),
(576, 414),
(148, 416),
(150, 417),
(152, 418),
(151, 419),
(155, 420),
(156, 420),
(157, 421),
(158, 425),
(161, 426),
(600, 428),
(176, 431),
(175, 432),
(357, 434),
(357, 435),
(172, 439),
(173, 439),
(174, 443),
(810, 444),
(602, 447),
(164, 450),
(165, 452),
(166, 456),
(167, 458),
(163, 462),
(162, 463),
(168, 465),
(606, 466),
(169, 469),
(170, 470),
(171, 471),
(607, 472),
(608, 473),
(144, 474),
(142, 475),
(143, 477),
(177, 479),
(153, 480),
(664, 482),
(136, 484),
(191, 486),
(138, 488),
(193, 489),
(192, 491),
(160, 493),
(207, 495),
(208, 496),
(619, 498),
(222, 499),
(223, 500),
(674, 503),
(673, 504),
(672, 506),
(209, 507),
(210, 508),
(212, 514),
(213, 515),
(214, 516),
(215, 517),
(216, 518),
(557, 520),
(328, 521),
(217, 522),
(811, 523),
(428, 525),
(590, 529),
(761, 530),
(594, 534),
(630, 539),
(130, 543),
(131, 548),
(198, 552),
(199, 553),
(200, 554),
(201, 555),
(818, 558),
(821, 559),
(822, 560),
(820, 561),
(110, 566),
(597, 570),
(496, 572),
(496, 573),
(685, 575),
(204, 577),
(109, 580),
(205, 582),
(206, 583),
(1, 585),
(767, 590),
(355, 591),
(646, 592),
(532, 596),
(809, 598),
(768, 599),
(327, 601),
(671, 614),
(827, 615),
(226, 619),
(769, 620),
(770, 622),
(623, 627),
(189, 630),
(190, 631),
(641, 633),
(125, 637),
(562, 638),
(587, 639),
(774, 641),
(773, 642),
(772, 643),
(771, 644),
(723, 651),
(725, 652),
(113, 653),
(369, 654),
(370, 655),
(666, 657),
(826, 660),
(426, 662),
(545, 666),
(544, 668),
(115, 677),
(116, 678),
(117, 679),
(118, 680),
(235, 682),
(119, 683),
(122, 684),
(364, 685),
(128, 687),
(129, 687),
(724, 688),
(513, 689),
(391, 690),
(390, 691),
(392, 692),
(133, 694),
(541, 696),
(540, 697),
(543, 698),
(542, 699),
(783, 701),
(785, 702),
(784, 703),
(100, 707),
(678, 708),
(219, 710),
(218, 711),
(220, 712),
(786, 719),
(787, 720),
(799, 729),
(797, 730),
(795, 731),
(796, 732),
(798, 733),
(800, 734),
(801, 735),
(788, 742),
(789, 743),
(790, 752),
(793, 754),
(792, 755),
(791, 756),
(239, 759),
(240, 760),
(728, 766),
(2, 768),
(444, 769),
(261, 771),
(262, 772),
(263, 773),
(420, 778),
(86, 779),
(103, 780),
(418, 784),
(407, 785),
(408, 786),
(409, 788),
(267, 794),
(266, 796),
(265, 797),
(266, 798),
(415, 800),
(277, 802),
(277, 803),
(69, 804),
(71, 805),
(72, 807),
(278, 808),
(399, 810),
(269, 812),
(268, 813),
(664, 815),
(107, 816),
(107, 817),
(132, 818),
(102, 819),
(103, 820),
(422, 821),
(421, 822),
(812, 823),
(274, 824),
(270, 825),
(271, 826),
(236, 827),
(272, 828),
(273, 829),
(112, 831),
(682, 833),
(276, 835),
(647, 837),
(275, 839),
(448, 845),
(633, 845),
(47, 846),
(48, 847),
(49, 848),
(449, 849),
(588, 857),
(50, 860),
(51, 861),
(52, 862),
(450, 863),
(264, 864),
(446, 865),
(257, 866),
(279, 869),
(280, 870),
(281, 871),
(246, 873),
(247, 874),
(248, 875),
(249, 876),
(250, 877),
(251, 878),
(592, 879),
(252, 880),
(284, 881),
(283, 883),
(283, 884),
(224, 894),
(225, 897),
(3, 900),
(832, 901),
(108, 904),
(229, 919),
(230, 922),
(427, 923),
(101, 924),
(394, 925),
(371, 926),
(393, 927),
(358, 929),
(66, 931),
(288, 931),
(336, 937),
(196, 938),
(514, 939),
(424, 940),
(125, 949),
(735, 950),
(721, 952),
(548, 953),
(564, 955),
(337, 956),
(338, 957),
(340, 958),
(339, 959),
(343, 960),
(341, 962),
(345, 963),
(347, 964),
(349, 965),
(660, 966),
(348, 967),
(344, 968),
(346, 969),
(352, 971),
(353, 972),
(354, 973),
(351, 982),
(179, 983),
(277, 984),
(180, 985),
(181, 986),
(365, 988),
(245, 991),
(245, 992),
(361, 994),
(267, 996),
(362, 997),
(363, 999),
(447, 1001),
(430, 1002),
(359, 1005),
(360, 1006),
(243, 1016),
(244, 1017),
(387, 1018),
(366, 1020),
(367, 1021),
(368, 1024),
(372, 1027),
(373, 1028),
(683, 1030),
(374, 1032),
(375, 1033),
(376, 1036),
(380, 1039),
(381, 1041),
(382, 1047),
(382, 1048),
(383, 1049),
(384, 1053),
(385, 1054),
(753, 1064),
(752, 1066),
(388, 1068),
(221, 1070),
(397, 1070),
(570, 1071),
(398, 1073),
(221, 1074),
(570, 1075),
(406, 1078),
(493, 1079),
(494, 1080),
(495, 1082),
(456, 1084),
(104, 1096),
(405, 1097),
(404, 1099),
(400, 1100),
(402, 1101),
(401, 1102),
(410, 1103),
(429, 1105),
(431, 1113),
(433, 1122),
(432, 1123),
(437, 1127),
(824, 1130),
(84, 1131),
(823, 1132),
(828, 1133),
(750, 1139),
(458, 1140),
(423, 1141),
(203, 1147),
(487, 1148),
(460, 1151),
(459, 1152),
(466, 1155),
(467, 1156),
(526, 1160),
(529, 1161),
(527, 1162),
(528, 1163),
(442, 1166),
(468, 1167),
(469, 1168),
(470, 1170),
(578, 1171),
(471, 1172),
(472, 1173),
(473, 1174),
(476, 1175),
(475, 1176),
(474, 1177),
(477, 1180),
(478, 1181),
(482, 1182),
(479, 1183),
(483, 1184),
(480, 1185),
(481, 1186),
(742, 1188),
(182, 1190),
(183, 1191),
(184, 1192),
(258, 1194),
(497, 1200),
(764, 1203),
(765, 1204),
(498, 1205),
(766, 1207),
(500, 1209),
(499, 1210),
(813, 1212),
(814, 1213),
(816, 1214),
(815, 1220),
(749, 1225),
(589, 1226),
(501, 1232),
(502, 1233),
(503, 1237),
(504, 1238),
(506, 1239),
(508, 1242),
(509, 1244),
(510, 1244),
(511, 1246),
(591, 1257),
(734, 1258),
(563, 1261),
(377, 1267),
(533, 1269),
(536, 1273),
(535, 1274),
(537, 1275),
(580, 1297),
(569, 1298),
(97, 1313),
(98, 1316),
(227, 1317),
(584, 1318),
(575, 1319),
(572, 1323),
(573, 1324),
(574, 1325),
(178, 1329),
(552, 1330),
(642, 1332),
(579, 1333),
(719, 1334),
(4, 1336),
(586, 1337),
(512, 1341),
(720, 1342),
(819, 1344),
(289, 1345),
(291, 1346),
(293, 1348),
(294, 1350),
(819, 1353),
(295, 1354),
(296, 1356),
(817, 1357),
(595, 1366),
(195, 1367),
(596, 1370),
(596, 1371),
(515, 1374),
(687, 1374),
(669, 1375),
(610, 1377),
(491, 1379),
(612, 1381),
(613, 1382),
(614, 1385),
(356, 1386),
(615, 1391),
(616, 1392),
(618, 1393),
(617, 1394),
(640, 1395),
(558, 1396),
(632, 1397),
(633, 1397),
(556, 1399),
(70, 1405),
(507, 1405),
(628, 1406),
(492, 1413),
(255, 1414),
(631, 1415),
(443, 1417),
(620, 1420),
(13, 1421),
(551, 1422),
(629, 1424),
(489, 1425),
(490, 1426),
(485, 1430),
(561, 1435),
(507, 1437),
(455, 1445),
(638, 1447),
(637, 1448),
(95, 1454),
(547, 1455),
(555, 1456),
(554, 1457),
(197, 1458),
(585, 1460),
(636, 1461),
(323, 1464),
(639, 1467),
(621, 1473),
(90, 1477),
(553, 1479),
(662, 1486),
(663, 1486),
(664, 1487),
(577, 1488),
(604, 1489),
(645, 1495),
(643, 1496),
(539, 1500),
(538, 1501),
(488, 1509),
(624, 1511),
(621, 1512),
(378, 1514),
(650, 1517),
(689, 1519),
(649, 1521),
(238, 1523),
(650, 1524),
(522, 1525),
(523, 1526),
(524, 1527),
(658, 1536),
(794, 1549),
(634, 1552),
(635, 1554),
(581, 1555),
(342, 1557),
(675, 1558),
(676, 1559),
(677, 1560),
(698, 1566),
(678, 1567),
(330, 1568),
(290, 1571),
(292, 1573),
(707, 1581),
(159, 1583),
(688, 1593),
(253, 1594),
(549, 1595),
(690, 1597),
(691, 1598),
(425, 1600),
(692, 1603),
(519, 1605),
(520, 1608),
(531, 1611),
(530, 1612),
(521, 1613),
(525, 1615),
(231, 1616),
(693, 1616),
(815, 1618),
(242, 1619),
(694, 1623),
(701, 1625),
(695, 1626),
(696, 1627),
(706, 1629),
(697, 1631),
(697, 1632),
(517, 1634),
(709, 1637),
(708, 1638),
(651, 1642),
(654, 1643),
(655, 1644),
(656, 1645),
(652, 1646),
(653, 1647),
(657, 1648),
(659, 1649),
(661, 1650),
(660, 1651),
(712, 1653),
(713, 1654),
(622, 1660),
(714, 1661),
(715, 1662),
(716, 1663),
(717, 1664),
(445, 1665),
(718, 1666),
(611, 1667),
(667, 1668),
(737, 1669),
(829, 1670),
(726, 1672),
(727, 1673),
(719, 1674),
(722, 1676),
(598, 1679),
(232, 1680),
(731, 1682),
(730, 1684),
(732, 1685),
(733, 1687),
(739, 1696),
(740, 1697),
(736, 1701),
(738, 1705),
(741, 1706),
(741, 1707),
(748, 1712),
(367, 1713),
(417, 1714),
(366, 1715),
(747, 1719),
(744, 1720),
(745, 1721),
(743, 1722),
(746, 1723),
(282, 1725),
(562, 1726),
(710, 1727),
(403, 1735),
(414, 1737),
(593, 1740),
(440, 1742),
(203, 1743),
(754, 1743),
(755, 1745),
(202, 1746),
(756, 1750),
(758, 1751),
(759, 1752),
(757, 1753),
(760, 1754),
(120, 1758),
(697, 1759),
(121, 1760),
(149, 1764),
(87, 1766),
(88, 1767),
(92, 1769),
(93, 1771),
(94, 1772),
(91, 1773),
(104, 1774),
(105, 1776),
(582, 1776),
(105, 1777),
(582, 1777),
(99, 1778),
(505, 1779),
(114, 1780),
(441, 1781),
(812, 1791),
(323, 1801),
(434, 1801),
(142, 1802),
(436, 1804),
(438, 1807),
(379, 1808),
(435, 1810),
(439, 1811);

-- --------------------------------------------------------





DROP TABLE IF EXISTS `bg_word`;
CREATE TABLE IF NOT EXISTS `bg_word` (
  `id` smallint(6) NOT NULL AUTO_INCREMENT,
  `name` varchar(160) DEFAULT NULL,
  `wp_article` varchar(160) DEFAULT NULL,
  PRIMARY KEY (`id`),
  KEY `name_idx` (`name`)
) ENGINE=InnoDB  DEFAULT CHARSET=utf8 AUTO_INCREMENT=833 ;





INSERT INTO `bg_word` (`id`, `name`, `wp_article`) VALUES
(1, 'f prim (f’)', NULL),
(2, 'im f', NULL),
(3, 'ker f', NULL),
(4, 'uvw-теорема', NULL),
(5, 'абелов', NULL),
(6, 'абелова група', 'Абелова група'),
(7, 'абсолютна грешка', 'Абсолютна грешка'),
(8, 'абсолютна стойност', 'Абсолютна стойност'),
(9, 'абсолютно непрекъснат', NULL),
(10, 'абсолютно сходящ', NULL),
(11, 'абстрактен', NULL),
(12, 'абсциса', 'Абсциса'),
(13, 'автоматен език', NULL),
(14, 'автоморфизъм', NULL),
(15, 'автономен', NULL),
(16, 'адюнгиран', NULL),
(17, 'адюнгирано количество', 'Адюнгирано количество'),
(18, 'азбука', 'Азбука'),
(19, 'аксиома', 'Аксиома'),
(20, 'алгебра', 'Алгебра'),
(21, 'алгебричен', NULL),
(22, 'алгебричен комплемент', NULL),
(23, 'алгебрична елемент', NULL),
(24, 'алгебрична структура', NULL),
(25, 'алгебрична функция', NULL),
(26, 'алгебрично допълнение', NULL),
(27, 'алгебрично затворен', NULL),
(28, 'алгебрично независим', NULL),
(29, 'алгебрично число', 'Алгебрично число'),
(30, 'алгоритъм', 'Алгоритъм'),
(31, 'алтернативен', NULL),
(32, 'алтерниращ', NULL),
(33, 'анализ', NULL),
(34, 'аналитичен', NULL),
(35, 'аналитична геометрия', 'Аналитична геометрия'),
(36, 'аналитична функция', 'Аналитична функция'),
(37, 'аналитично продължение', NULL),
(38, 'аналогов компютър', NULL),
(39, 'аномалия', NULL),
(40, 'антисиметричен (кососиметричен) тензор', NULL),
(41, 'апроксимация', NULL),
(42, 'арабски цифри', 'Арабски цифри'),
(43, 'аргумент', 'Аргументация'),
(44, 'аргументация', 'Аргументация'),
(45, 'аритметична функция', NULL),
(46, 'аритметично средно', NULL),
(47, 'аркускосеканс', NULL),
(48, 'аркускосинус', 'Аркускосинус'),
(49, 'аркускотангенс', 'Аркускотангенс'),
(50, 'аркуссеканс', NULL),
(51, 'аркуссинус', 'Аркуссинус'),
(52, 'аркустангенс', 'Аркустангенс'),
(53, 'асимптота', 'Асимптота'),
(54, 'асоциативен', NULL),
(55, 'асоциативен закон', 'Асоциативност'),
(56, 'асоциативност', 'Асоциативност'),
(57, 'асоцииран', NULL),
(58, 'астроида', 'Астроида'),
(59, 'афинен', NULL),
(60, 'афинитет', NULL),
(61, 'афинно подпространство', NULL),
(62, 'афинно преобразование', NULL),
(63, 'афинно пространство', NULL),
(64, 'базис', 'Базис'),
(65, 'бедра на ъгъл', NULL),
(66, 'бедро', 'Бедро'),
(67, 'безконтекстен език', NULL),
(68, 'безконтекстна граматика', NULL),
(69, 'безкраен', NULL),
(70, 'безкрайна периодична дроб', NULL),
(71, 'безкрайно множество', NULL),
(72, 'безкрайност', 'Безкрайност'),
(73, 'биективен', 'Биекция'),
(74, 'биекция', 'Биекция'),
(75, 'билинеен', NULL),
(76, 'билинейна форма', NULL),
(77, 'биморфизъм', NULL),
(78, 'бином', NULL),
(79, 'биномен', NULL),
(80, 'биномен ред', NULL),
(81, 'биномно развитие', NULL),
(82, 'бирационален', NULL),
(83, 'блокова матрица', NULL),
(84, 'броична система', NULL),
(85, 'булева алгебра', 'Булева алгебра'),
(86, 'в същата равнина', NULL),
(87, 'вариация', 'Вариация'),
(88, 'вектор', 'Вектор'),
(89, 'вектор по колона', NULL),
(90, 'вектор по ред', NULL),
(91, 'векторно подпространство', 'Векторно подпространство'),
(92, 'векторно поле', NULL),
(93, 'векторно произведение', 'Векторно произведение'),
(94, 'векторно пространство', 'Линейно пространство'),
(95, 'верен', 'Верен'),
(96, 'верижно правило', NULL),
(97, 'вероятност', 'Вероятност'),
(98, 'вероятностно пространство', NULL),
(99, 'вибрация', NULL),
(100, 'височина', 'Височина'),
(101, 'водеща нула', NULL),
(102, 'вписан ъгъл', 'Вписан ъгъл'),
(103, 'вписана окръжност', 'Вписана окръжност'),
(104, 'връх', 'Връх'),
(105, 'връхни ъгли', 'Връхни ъгли'),
(106, 'входна азбука', NULL),
(107, 'входни данни', NULL),
(108, 'възел', 'Възел'),
(109, 'външен ъгъл', NULL),
(110, 'външно-вписана окръжност', 'Външно-вписана окръжност'),
(111, 'върху (n върху k)', NULL),
(112, 'вътрешна точка', NULL),
(113, 'гама функция', NULL),
(114, 'гледна точка', NULL),
(115, 'глобален', NULL),
(116, 'глобален екстремум', NULL),
(117, 'глобален максимум', NULL),
(118, 'глобален минимум', NULL),
(119, 'гон', NULL),
(120, 'горна граница', NULL),
(121, 'горна сума', NULL),
(122, 'градиент', 'Градиент'),
(123, 'градус', 'Градус'),
(124, 'градусна мярка', NULL),
(125, 'граница', 'Граница'),
(126, 'гранична стойност', NULL),
(127, 'гранична точка', NULL),
(128, 'граф', 'Граф'),
(129, 'графика', 'Графика'),
(130, 'грешка', NULL),
(131, 'грешка от първи / втори вид', NULL),
(132, 'грешка при входни данни', NULL),
(133, 'група', 'Група'),
(134, 'данни', 'Данни'),
(135, 'две точки', NULL),
(136, 'двоен интеграл', NULL),
(137, 'двоичен', NULL),
(138, 'двоично число', 'Двоична бройна система'),
(139, 'действие', NULL),
(140, 'декартов', NULL),
(141, 'декартово произведение', 'Декартово произведение'),
(142, 'деление на нула', NULL),
(143, 'деление с остатък', NULL),
(144, 'делимост', NULL),
(145, 'делител', NULL),
(146, 'десетична дроб', NULL),
(147, 'десетична система', NULL),
(148, 'детерминанта', 'Детерминанта'),
(149, 'детерминанта на Вандермонд', NULL),
(150, 'детерминиран', NULL),
(151, 'детерминиран краен автомат', NULL),
(152, 'детерминирани крайни автомати', NULL),
(153, 'дефиниционно множество', NULL),
(154, 'дефиниция', NULL),
(155, 'диагонал', 'Диагонал'),
(156, 'диагонален', NULL),
(157, 'диагонална матрица', NULL),
(158, 'диаграма', 'Диаграма'),
(159, 'диаграма на преходите', NULL),
(160, 'диада', NULL),
(161, 'диаметър', 'Диаметър'),
(162, 'дизюнктивна нормална форма', NULL),
(163, 'дизюнкция', 'Дизюнкция'),
(164, 'директен', NULL),
(165, 'директна сума', NULL),
(166, 'дискретен', NULL),
(167, 'дискриминанта', 'Дискриминанта'),
(168, 'дисперсия', 'Дисперсия'),
(169, 'дистрибутивен', NULL),
(170, 'дистрибутивен закон', NULL),
(171, 'дистрибутивитет', NULL),
(172, 'диференциал', 'Диференциал (пояснение)'),
(173, 'диференциален', NULL),
(174, 'диференциране', 'Производна'),
(175, 'диференцируем', NULL),
(176, 'диференцируемост', 'Производна'),
(177, 'додекаедър', 'Додекаедър'),
(178, 'доказателство', NULL),
(179, 'долна граница', NULL),
(180, 'долна сума', NULL),
(181, 'долна триъгълна матрица', NULL),
(182, 'допирателна окръжност', NULL),
(183, 'допирателна парабола', NULL),
(184, 'допирателна равнина', NULL),
(185, 'допирателна точка', NULL),
(186, 'допустимо число', NULL),
(187, 'допълващ ъгъл', NULL),
(188, 'допълнение', 'Допълнение'),
(189, 'дроб', 'Дроб'),
(190, 'дробен', NULL),
(191, 'дуален базис', NULL),
(192, 'дуално векторно пространство', NULL),
(193, 'дуално пространство', NULL),
(194, 'дъга', 'Дъга'),
(195, 'дъгова мярка', NULL),
(196, 'дължина', 'Дължина'),
(197, 'дясно непрекъснат', NULL),
(198, 'евклидов', NULL),
(199, 'евклидов алгоритъм', 'Алгоритъм на Евклид'),
(200, 'евклидов пръстен', NULL),
(201, 'евклидово пространство', 'Евклидово пространство'),
(202, 'единична окръжност', NULL),
(203, 'еднозначен', NULL),
(204, 'експоненциална функция', NULL),
(205, 'екстраполация', 'Екстраполация'),
(206, 'екстремум', NULL),
(207, 'ексцентричен', NULL),
(208, 'ексцентричност', NULL),
(209, 'елемент', NULL),
(210, 'елементарен (прост)', NULL),
(211, 'елементарно събитие', NULL),
(212, 'елипса', 'Елипса'),
(213, 'елипсоид', 'Елипсоид'),
(214, 'елиптичен', NULL),
(215, 'елиптично', NULL),
(216, 'емпирична', NULL),
(217, 'ендоморфизъм', NULL),
(218, 'Ермитов полином', 'Ермитов полином'),
(219, 'Ермитова интерполация', NULL),
(220, 'Ермитова форма', NULL),
(221, 'естествено число', 'Естествено число'),
(222, 'ефективен', NULL),
(223, 'ефикасност', NULL),
(224, 'Жорданова нормална форма', NULL),
(225, 'Жорданова форма', NULL),
(226, 'за всеки', NULL),
(227, 'задача', NULL),
(228, 'заключение', NULL),
(229, 'закон', 'Закон'),
(230, 'закон за големите числа', 'Закон за големите числа'),
(231, 'заместване', NULL),
(232, 'занулявам', NULL),
(233, 'затворен', NULL),
(234, 'затворено множество', 'Затворено множество'),
(235, 'златно сечение', 'Златно сечение'),
(236, 'знак на интеграла', NULL),
(237, 'знаменател', 'Дроб (математика)'),
(238, 'значеща цифра', NULL),
(239, 'идеал', 'Идеал'),
(240, 'идентичен', NULL),
(241, 'изброим', 'Изброимо множество'),
(242, 'изваждане', 'Изваждане'),
(243, 'измерим', NULL),
(244, 'измеримо пространство', NULL),
(245, 'изображение', 'Изображение (алгебра)'),
(246, 'изолиран', NULL),
(247, 'изолирана точка', 'Изолирана точка'),
(248, 'изометричен', NULL),
(249, 'изометрия', NULL),
(250, 'изоморфен', NULL),
(251, 'изоморфизъм', 'Изоморфизъм'),
(252, 'изотропен', NULL),
(253, 'изправен ъгъл', 'Ъгъл'),
(254, 'изпъкнал', NULL),
(255, 'изпъкнал ъгъл', NULL),
(256, 'изпъкнала функция', NULL),
(257, 'изследване', NULL),
(258, 'изходни данни', NULL),
(259, 'изчисление', NULL),
(260, 'изчислим по Тюринг', NULL),
(261, 'имагинерен', NULL),
(262, 'имагинерна част', NULL),
(263, 'импликация', NULL),
(264, 'инвертиране', NULL),
(265, 'индуктивен', NULL),
(266, 'индукционна стъпка', NULL),
(267, 'индукция', 'Индукция'),
(268, 'инективен', NULL),
(269, 'инекция', 'Инекция'),
(270, 'интеграл', 'Интеграл'),
(271, 'интегрално смятане', NULL),
(272, 'интегриране', NULL),
(273, 'интегриране по части', NULL),
(274, 'интегрируем', NULL),
(275, 'интервал', 'Интервал'),
(276, 'интерполация', 'Интерполация'),
(277, 'инфимум', NULL),
(278, 'инфлексна точка', 'Инфлексна точка'),
(279, 'ирационален', 'Ирационално число'),
(280, 'ирационално число', 'Ирационално число'),
(281, 'ирационалност', NULL),
(282, 'истина', NULL),
(283, 'итеративен метод', NULL),
(284, 'итерация', 'Итерация'),
(285, 'каноничен', NULL),
(286, 'кардиналитет', 'Равномощни множества'),
(287, 'категория', NULL),
(288, 'катет', 'Правоъгълен триъгълник'),
(289, 'квадрант', 'Декартова координатна система'),
(290, 'квадрат', 'Квадрат'),
(291, 'квадратен', NULL),
(292, 'квадратен корен', NULL),
(293, 'квадратична форма', NULL),
(294, 'квадратура', NULL),
(295, 'квантор', 'Квантор'),
(296, 'кватернион', 'Кватернион'),
(297, 'класически', NULL),
(298, 'ковариация', NULL),
(299, 'коефициент', 'Коефициент'),
(300, 'колона', 'Колона'),
(301, 'комбинаторика', 'Комбинаторика'),
(302, 'компактен', NULL),
(303, 'компактност', NULL),
(304, 'комплексен', NULL),
(305, 'комплекситет', NULL),
(306, 'комплексно число', 'Комплексно число'),
(307, 'комутативен', NULL),
(308, 'комутативен закон', 'Комутативност'),
(309, 'конично сечение', 'Конично сечение'),
(310, 'константа', 'Константа'),
(311, 'константен', NULL),
(312, 'конструкция', 'Конструкция'),
(313, 'контекстен език', NULL),
(314, 'контекстна граматика', NULL),
(315, 'континуум', NULL),
(316, 'конус', 'Конус'),
(317, 'концентрични кръгове', NULL),
(318, 'конюнктивна нормална форма', NULL),
(319, 'конюнкция', 'Конюнкция'),
(320, 'координата', 'Координата'),
(321, 'координатна ос', NULL),
(322, 'координатна система', 'Координата'),
(323, 'корен', 'Корен'),
(324, 'косеканс', NULL),
(325, 'косинус', 'Косинус'),
(326, 'котангенс', 'Котангенс'),
(327, 'краен', NULL),
(328, 'крайна точка', NULL),
(329, 'крива', 'Крива'),
(330, 'крива на Сплайн', NULL),
(331, 'критерий', NULL),
(332, 'критичен', NULL),
(333, 'критична точка', 'Точка на пречупване'),
(334, 'кръстни ъгли', 'Кръстни ъгли'),
(335, 'куб', 'Куб'),
(336, 'лема', 'Лема'),
(337, 'линеен', NULL),
(338, 'линейна алгебра', 'Линейна алгебра'),
(339, 'линейна зависимост', NULL),
(340, 'линейна комбинация', NULL),
(341, 'линейна независимост', 'Линейна независимост'),
(342, 'линейна обвивка', NULL),
(343, 'линейна форма', NULL),
(344, 'линейно зависим', NULL),
(345, 'линейно изображение', NULL),
(346, 'линейно независим', NULL),
(347, 'линейно оптимиране', NULL),
(348, 'линейно преобразование', NULL),
(349, 'линейно програмиране', NULL),
(350, 'лице', 'Лице'),
(351, 'логаритъм', 'Логаритъм'),
(352, 'локален екстремум', NULL),
(353, 'локален максимум', NULL),
(354, 'локален минимум', NULL),
(355, 'лъжа', NULL),
(356, 'лъч', 'Лъч'),
(357, 'ляво диференцируем', NULL),
(358, 'ляво непрекъснат', NULL),
(359, 'максимален идеал', NULL),
(360, 'максимум', NULL),
(361, 'Марковска верига', 'Марковска верига'),
(362, 'математика', 'Математика'),
(363, 'матрица', 'Матрица'),
(364, 'матрица на Грам', NULL),
(365, 'машинна точност', NULL),
(366, 'медиана', 'Медиана'),
(367, 'медицентър', 'Медицентър'),
(368, 'метод', NULL),
(369, 'метод на Гаус-Жордан', NULL),
(370, 'метод на Гаус-Зайдел', NULL),
(371, 'метод на най-малките квадрати', NULL),
(372, 'метрика', 'Метрично пространство'),
(373, 'метрично пространство', 'Метрично пространство'),
(374, 'минимален полином', NULL),
(375, 'минимум', NULL),
(376, 'минор', 'Минор'),
(377, 'многоъгълник', 'Многоъгълник'),
(378, 'множество', 'Множество'),
(379, 'множество на корените', NULL),
(380, 'модел', 'Модел'),
(381, 'модул', 'Модул'),
(382, 'моном', 'Моном'),
(383, 'мономорфизъм', NULL),
(384, 'монотонност', 'Монотонност'),
(385, 'морфизъм', 'Категория (математика)'),
(386, 'мощност', 'Мощност'),
(387, 'мярка', NULL),
(388, 'н-пъти диференцируем', NULL),
(389, 'над нулата', NULL),
(390, 'най-голям общ делител', 'Най-голям общ делител'),
(391, 'най-голям общ делител (НОД)', NULL),
(392, 'най-голяма долна граница', NULL),
(393, 'най-малка долна граница', NULL),
(394, 'най-малко общо кратно (НОК)', NULL),
(395, 'намаляващ', NULL),
(396, 'насочен граф', NULL),
(397, 'натурален', NULL),
(398, 'натурален логаритъм', 'Естествен логаритъм'),
(399, 'начална стойност', NULL),
(400, 'недетерминиран', 'Недетерминиран'),
(401, 'недетерминиран краен автомат', NULL),
(402, 'недетерминирани крайни автомати', NULL),
(403, 'неизброим', NULL),
(404, 'неизродена', NULL),
(405, 'нелинейно оптимиране', NULL),
(406, 'необходим', NULL),
(407, 'неопределен', NULL),
(408, 'неопределен интеграл', 'Интеграл'),
(409, 'неопределено', NULL),
(410, 'неотрицателен', NULL),
(411, 'непрекъснат', NULL),
(412, 'непрекъсната функция', 'Непрекъснатост'),
(413, 'непрекъснатост', 'Непрекъснатост'),
(414, 'неравен', NULL),
(415, 'неравенство', NULL),
(416, 'неравенство на Бернули', 'Неравенство на Бернули'),
(417, 'неравенство на триъгълника', 'Неравенство на триъгълника'),
(418, 'неразложим', NULL),
(419, 'неразрешим', NULL),
(420, 'несобствен интеграл', NULL),
(421, 'нестабилен', NULL),
(422, 'нестабилност', NULL),
(423, 'нечетен', NULL),
(424, 'ниво', NULL),
(425, 'низ', 'Низ'),
(426, 'НОД (най-голям общ делител)', NULL),
(427, 'НОК (най-малко общо кратно)', NULL),
(428, 'номерируем', NULL),
(429, 'норма', NULL),
(430, 'норма на матрица', NULL),
(431, 'нормална форма', NULL),
(432, 'нормирано векторно пространство', NULL),
(433, 'нормирано пространство', NULL),
(434, 'нула', 'Нула'),
(435, 'нулев вектор', 'Вектор'),
(436, 'нулев елемент', 'Неутрален елемент'),
(437, 'нулев ъгъл', 'Ъгъл'),
(438, 'нулева редица', NULL),
(439, 'нулево векторно пространство', NULL),
(440, 'обединение', 'Обединение'),
(441, 'обем', 'Обем'),
(442, 'обикновени диференциални уравнения', 'Обикновено диференциално уравнение'),
(443, 'област', 'Област'),
(444, 'образ', 'Образ (оптика)'),
(445, 'обратен тензор', NULL),
(446, 'обратима', NULL),
(447, 'обратна марица', NULL),
(448, 'обратна матрица', 'Обратима матрица'),
(449, 'обратна функция', NULL),
(450, 'обратни тригонометрични функции', NULL),
(451, 'общо кратно', NULL),
(452, 'ограничен', NULL),
(453, 'ограничен отгоре', NULL),
(454, 'ограничен отдолу', NULL),
(455, 'ограничение', NULL),
(456, 'околност', NULL),
(457, 'окръжност', 'Окръжност'),
(458, 'октаедър', NULL),
(459, 'оператор', NULL),
(460, 'операция', NULL),
(461, 'описана окръжност', 'Описана окръжност'),
(462, 'определен', NULL),
(463, 'определен интеграл', NULL),
(464, 'определение', 'Определение'),
(465, 'определяне корените на полиноми', NULL),
(466, 'оптимиране', NULL),
(467, 'орбита', 'Орбита'),
(468, 'ордината', 'Координата'),
(469, 'ориентация', NULL),
(470, 'ориентиран', NULL),
(471, 'ортогонален', 'Ортогоналност'),
(472, 'ортогонална група', NULL),
(473, 'ортогонална матрица', NULL),
(474, 'ортогонални вектори', NULL),
(475, 'ортогонални тензори', NULL),
(476, 'ортогонално множество', NULL),
(477, 'ортонормиран', NULL),
(478, 'ортонормиран базис', NULL),
(479, 'ортонормирана матрица', NULL),
(480, 'ортонормирана система', NULL),
(481, 'ортонормирани вектори', NULL),
(482, 'ортонормирани функции', NULL),
(483, 'ортонормирано множество', NULL),
(484, 'ос', 'Ос'),
(485, 'остатък', 'Остатък'),
(486, 'остър ъгъл', 'Остър ъгъл'),
(487, 'отворен', NULL),
(488, 'отделен', NULL),
(489, 'относителен', NULL),
(490, 'относителна грешка', NULL),
(491, 'отношение', NULL),
(492, 'отражение', 'Отражение'),
(493, 'отрицание', NULL),
(494, 'отрицателен', NULL),
(495, 'отрицателно дефинитен', NULL),
(496, 'очаквана стойност', NULL),
(497, 'парабола', 'Парабола'),
(498, 'паралелепипед', 'Паралелепипед'),
(499, 'параметризиране', NULL),
(500, 'параметър', NULL),
(501, 'пентагон', 'Пентагон'),
(502, 'пентаграма', NULL),
(503, 'периметър', 'Периметър'),
(504, 'период', 'Период'),
(505, 'период на вибрация', NULL),
(506, 'периодичен', NULL),
(507, 'периодична дроб', 'Дроб (математика)'),
(508, 'пермутация', 'Пермутация'),
(509, 'перпендикуляр', 'Перпендикуляр'),
(510, 'перпендикулярен', 'Перпендикуляр'),
(511, 'перспектива', 'Перспектива'),
(512, 'пирамида', 'Пирамида'),
(513, 'по-голям от', NULL),
(514, 'по-малък от', NULL),
(515, 'повдигам на степен', NULL),
(516, 'поведение (на функция)', NULL),
(517, 'повърхност', NULL),
(518, 'под нулата', NULL),
(519, 'подбазис', NULL),
(520, 'подгрупа', NULL),
(521, 'подмножество', NULL),
(522, 'подобен', NULL),
(523, 'подобни матрици', NULL),
(524, 'подобност', 'Подобие'),
(525, 'подпространство', NULL),
(526, 'подреден', NULL),
(527, 'подредена двойка', NULL),
(528, 'подредено множество', NULL),
(529, 'подредено поле', NULL),
(530, 'подредица', NULL),
(531, 'подринг', NULL),
(532, 'поле', 'Поле'),
(533, 'полином', 'Многочлен'),
(534, 'полином на Бернули', NULL),
(535, 'положителен', NULL),
(536, 'положително дефинитен', NULL),
(537, 'положително цяло число', NULL),
(538, 'полунепрекъснат', NULL),
(539, 'полуокръжност', NULL),
(540, 'полуотворен', NULL),
(541, 'полуправа', NULL),
(542, 'полупространство', NULL),
(543, 'полуравнина', NULL),
(544, 'пораждаща система', NULL),
(545, 'пораждаща функция', NULL),
(546, 'почти навсякъде', NULL),
(547, 'прав ъгъл', 'Прав ъгъл'),
(548, 'права', 'Права'),
(549, 'права линия', 'Права'),
(550, 'правилен', NULL),
(551, 'правилен многоъгълник', 'Правилен многоъгълник'),
(552, 'правилна дроб', NULL),
(553, 'правило', NULL),
(554, 'правоъгълен', NULL),
(555, 'правоъгълен триъгълник', 'Правоъгълен триъгълник'),
(556, 'правоъгълник', 'Правоъгълник'),
(557, 'празно множество', 'Празно множество'),
(558, 'пренареждане', NULL),
(559, 'преобразование', NULL),
(560, 'преобразуване на базиса', NULL),
(561, 'преориентация', NULL),
(562, 'пресечен конус', NULL),
(563, 'пресечна точка', NULL),
(564, 'пресечница', 'Пресечница'),
(565, 'приближаване', NULL),
(566, 'приближение', NULL),
(567, 'приложение', 'Приложение'),
(568, 'приложна математика', NULL),
(569, 'примитивна функция', NULL),
(570, 'природоматематически науки', NULL),
(571, 'присвояване', NULL),
(572, 'програма', 'Програма'),
(573, 'програмиране', 'Програмиране'),
(574, 'проекция', 'Проекция'),
(575, 'произведение', 'Произведение'),
(576, 'производна', 'Производна'),
(577, 'произволен', NULL),
(578, 'произход', 'Произход'),
(579, 'пропорционален', NULL),
(580, 'просто число', 'Просто число'),
(581, 'пространство', 'Пространство'),
(582, 'противоположни ъгли', 'Връхни ъгли'),
(583, 'противоречие', NULL),
(584, 'процедура', NULL),
(585, 'пръстен', 'Пръстен'),
(586, 'пунктиран', NULL),
(587, 'пълен ъгъл', NULL),
(588, 'първообраз', NULL),
(589, 'път', 'Път'),
(590, 'равен', 'Равен'),
(591, 'равнина', 'Равнина'),
(592, 'равнобедрен триъгълник', 'Триъгълник'),
(593, 'равномерно непрекъснат', NULL),
(594, 'равностранен триъгълник', 'Триъгълник'),
(595, 'радиан', 'Радиан'),
(596, 'радиус', 'Радиус'),
(597, 'развитие', NULL),
(598, 'разлагам на множители', NULL),
(599, 'разлагане', NULL),
(600, 'разлика', 'Изваждане'),
(601, 'разложим', NULL),
(602, 'размерност', 'Размерност'),
(603, 'размяна на колони', NULL),
(604, 'разностранен триъгълник', NULL),
(605, 'разрешим', NULL),
(606, 'разстояние', 'Разстояние'),
(607, 'разходимост', NULL),
(608, 'разходящт', NULL),
(609, 'разширена матрица', NULL),
(610, 'ранг', NULL),
(611, 'ранг на тензор', NULL),
(612, 'рационален', NULL),
(613, 'рационална функция', NULL),
(614, 'рационално число', 'Рационално число'),
(615, 'реален', NULL),
(616, 'реална ос', NULL),
(617, 'реална част', NULL),
(618, 'реално число', 'Реално число'),
(619, 'ребро', 'Ребро'),
(620, 'регулярен израз', 'Регулярен израз'),
(621, 'ред', NULL),
(622, 'ред на Тейлър', 'Ред на Тейлър'),
(623, 'ред на Фурие', 'Ред на Фурие'),
(624, 'редица', 'Редица'),
(625, 'редица на Коши', 'Редица на Коши'),
(626, 'рекурсивен', NULL),
(627, 'рекурсивно номерируем', NULL),
(628, 'рекурсия', 'Рекурсия'),
(629, 'релация', 'Релация'),
(630, 'релация на еквивалентност', NULL),
(631, 'рефлексивен', NULL),
(632, 'реципрочен', NULL),
(633, 'реципрочно', NULL),
(634, 'решение', NULL),
(635, 'решим', NULL),
(636, 'римски числа', NULL),
(637, 'ромб', 'Ромб'),
(638, 'ромбоид', NULL),
(639, 'ротация', NULL),
(640, 'с реални стойности', NULL),
(641, 'свободен', 'Свободен'),
(642, 'свойство', NULL),
(643, 'сегмент', NULL),
(644, 'секанс', NULL),
(645, 'сектор', NULL),
(646, 'семейство', 'Семейство'),
(647, 'сечение', 'Сечение'),
(648, 'сечение (на множества)', NULL),
(649, 'сигнатура', NULL),
(650, 'сигнум', 'Сигнум'),
(651, 'симетричен', NULL),
(652, 'симетричен полином', NULL),
(653, 'симетричен тензор', NULL),
(654, 'симетрична билинейна форма', NULL),
(655, 'симетрична група', NULL),
(656, 'симетрична матрица', NULL),
(657, 'симетрична фигура', NULL),
(658, 'синус', 'Синус'),
(659, 'система', 'Система'),
(660, 'система линейни уравнения', NULL),
(661, 'система уравнения', NULL),
(662, 'скалар', 'Скалар'),
(663, 'скаларен', NULL),
(664, 'скаларно произведение', 'Скаларно произведение на два вектора'),
(665, 'скоба', NULL),
(666, 'скоби на Гаус', NULL),
(667, 'следа на тензор', NULL),
(668, 'следователно', NULL),
(669, 'случайна величина (сл.в.)', NULL),
(670, 'смяна на базиса', NULL),
(671, 'смятане с плаваща запетая', NULL),
(672, 'собствен вектор', NULL),
(673, 'собствена стойност', NULL),
(674, 'собствено пространство', NULL),
(675, 'специален случай', NULL),
(676, 'специална ортогонална група', NULL),
(677, 'специална ортогонална матрица', NULL),
(678, 'спирала', 'Спирала'),
(679, 'спрягам', NULL),
(680, 'спрягане', NULL),
(681, 'сравнение', 'Сравнение'),
(682, 'средна стойност', NULL),
(683, 'средна точка', NULL),
(684, 'срещу часовниковата стрелка', NULL),
(685, 'степен', NULL),
(686, 'степен на свобода', NULL),
(687, 'степенувам', NULL),
(688, 'стохастика', NULL),
(689, 'страна', 'Държава'),
(690, 'строго монотонно намаляващ', NULL),
(691, 'строго монотонно нарастващ', NULL),
(692, 'структура', NULL),
(693, 'субституция', NULL),
(694, 'сума', NULL),
(695, 'сумиране', NULL),
(696, 'суперпозиция', NULL),
(697, 'супремум', NULL),
(698, 'сфера', 'Сфера'),
(699, 'сходимост', 'Сходимост'),
(700, 'сходящ', NULL),
(701, 'събираемо', NULL),
(702, 'събиране', 'Събиране'),
(703, 'събитие', NULL),
(704, 'съкращавам', NULL),
(705, 'съответни ъгли', NULL),
(706, 'съседен ъгъл', NULL),
(707, 'състояние', 'Състояние'),
(708, 'сюрективен', 'Сюрекция'),
(709, 'сюрекция', 'Сюрекция'),
(710, 'таблица на истинността', NULL),
(711, 'таблица на прехода', NULL),
(712, 'тангенс', 'Тангенс'),
(713, 'тангента', 'Допирателна'),
(714, 'телескопен ред', NULL),
(715, 'телескопна сума', NULL),
(716, 'тензор', 'Тензор'),
(717, 'тензорна алгебра', NULL),
(718, 'тензорно произведение', NULL),
(719, 'теорема', 'Теорема'),
(720, 'теорема на Питагор', 'Питагорова теорема'),
(721, 'теореми за граници на функции', NULL),
(722, 'теория', 'Теория'),
(723, 'теория на Галоа', NULL),
(724, 'теория на графите', 'Теория на графите'),
(725, 'теория на игрите', 'Теория на игрите'),
(726, 'тестова функция', NULL),
(727, 'тетраедър', 'Тетраедър'),
(728, 'тогава и само тогава, когато', 'Тогава и само тогава, когато'),
(729, 'топка', 'Топка'),
(730, 'топологично векторно пространство', NULL),
(731, 'топологично пространство', 'Топологично пространство'),
(732, 'топология', 'Топология'),
(733, 'торус', NULL),
(734, 'точка', 'Точка'),
(735, 'точка на сгъстяване', 'Точка на сгъстяване'),
(736, 'транзитивен', NULL),
(737, 'транспониран тензор', NULL),
(738, 'транспонирана матрица', 'Транспонирана матрица'),
(739, 'трансцендентен', NULL),
(740, 'трансцендентно число', 'Трансцендентно число'),
(741, 'трапец', 'Трапец'),
(742, 'трептене', NULL),
(743, 'тригонометричен', NULL),
(744, 'тригонометрична функция', 'Тригонометрична функция'),
(745, 'тригонометрични функции', 'Тригонометрична функция'),
(746, 'тригонометрия', 'Тригонометрия'),
(747, 'триъгълна матрица', NULL),
(748, 'триъгълник', 'Триъгълник'),
(749, 'триъгълник на Паскал', 'Триъгълник на Паскал'),
(750, 'тъп ъгъл', NULL),
(751, 'увеличаващ', NULL),
(752, 'умножавам', NULL),
(753, 'умножение', 'Умножение'),
(754, 'уникален', NULL),
(755, 'уникалност', NULL),
(756, 'унитарен ендоморфизъм', NULL),
(757, 'унитарен оператор', NULL),
(758, 'унитарна група', NULL),
(759, 'унитарна матрица', NULL),
(760, 'унитарно пространство', NULL),
(761, 'уравнение', 'Уравнение'),
(762, 'условие', NULL),
(763, 'условно положително дефинитен', NULL),
(764, 'успореден', 'Успоредност'),
(765, 'успоредни прави', 'Успоредност'),
(766, 'успоредник', 'Успоредник'),
(767, 'факториел', 'Факториел'),
(768, 'филтър', 'Филтър'),
(769, 'формален език', 'Формален език'),
(770, 'формула', NULL),
(771, 'фундаментален', NULL),
(772, 'функтор', NULL),
(773, 'функционал', 'Функционал'),
(774, 'функция', 'Функция'),
(775, 'функция на прехода', NULL),
(776, 'хаос', 'Хаос'),
(777, 'характеристика', NULL),
(778, 'характеристичен', NULL),
(779, 'характеристичен полином', NULL),
(780, 'характеристична матрица', NULL),
(781, 'характеристична функция', 'Характеристична функция'),
(782, 'характеристично уравнение', NULL),
(783, 'хармоничен', NULL),
(784, 'хармоничен ред', NULL),
(785, 'хармонична функция', NULL),
(786, 'хексагон', 'Шестоъгълник'),
(787, 'хексаграма', NULL),
(788, 'хипербола', 'Хипербола'),
(789, 'хиперболичен', NULL),
(790, 'хиперравнина', NULL),
(791, 'хипотеза', 'Хипотеза'),
(792, 'хипотенуза', 'Правоъгълен триъгълник'),
(793, 'хипоциклоида', 'Хипоциклоида'),
(794, 'хлъзгащ вектор', NULL),
(795, 'хомеоморфизъм', 'Хомеоморфизъм'),
(796, 'хомогенен', NULL),
(797, 'хомогенен полином', NULL),
(798, 'хомогенна система уравнения', NULL),
(799, 'хомогенни координати', NULL),
(800, 'хомоморфен', NULL),
(801, 'хомоморфизъм', NULL),
(802, 'хорда', 'Хорда'),
(803, 'централен ъгъл', 'Централен ъгъл'),
(804, 'център', 'Център'),
(805, 'циклична група', NULL),
(806, 'циклоид', NULL),
(807, 'цикъл', NULL),
(808, 'цилиндър', 'Цилиндър'),
(809, 'цифра', 'Цифра'),
(810, 'цифров компютър', NULL),
(811, 'цяла функция', NULL),
(812, 'цяло число', 'Цяло число'),
(813, 'частичен', NULL),
(814, 'частична производна', NULL),
(815, 'частична сума', NULL),
(816, 'частично диференцируем', NULL),
(817, 'частно', NULL),
(818, 'четен', NULL),
(819, 'четириъгълник', 'Четириъгълник'),
(820, 'четна пермутация', NULL),
(821, 'четна функция', 'Четна и нечетна функция'),
(822, 'четно число', 'Четни и нечетни числа'),
(823, 'числител', 'Дроб (математика)'),
(824, 'число', 'Число'),
(825, 'число на Бернули', NULL),
(826, 'число на Гаус', NULL),
(827, 'число с плаваща запетая', NULL),
(828, 'числов', NULL),
(829, 'член', NULL),
(830, 'ъглополовяща', 'Ъглополовяща'),
(831, 'ъгъл', 'Ъгъл'),
(832, 'ядро', 'Ядро');

-- --------------------------------------------------------





DROP TABLE IF EXISTS `de_en_relation`;
CREATE TABLE IF NOT EXISTS `de_en_relation` (
  `from_word_id` smallint(6) NOT NULL DEFAULT '0',
  `to_word_id` smallint(6) NOT NULL DEFAULT '0',
  PRIMARY KEY (`from_word_id`,`to_word_id`),
  KEY `de_en_relation_to_word_id_en_word_id` (`to_word_id`)
) ENGINE=InnoDB DEFAULT CHARSET=utf8;





INSERT INTO `de_en_relation` (`from_word_id`, `to_word_id`) VALUES
(16, 1),
(9, 2),
(10, 3),
(409, 4),
(17, 5),
(11, 6),
(12, 7),
(13, 7),
(14, 8),
(15, 9),
(759, 11),
(1108, 12),
(152, 13),
(504, 14),
(723, 15),
(724, 16),
(864, 17),
(728, 18),
(729, 18),
(21, 19),
(868, 19),
(866, 20),
(865, 21),
(22, 22),
(867, 23),
(21, 24),
(201, 25),
(67, 26),
(71, 27),
(69, 28),
(70, 29),
(68, 30),
(1780, 31),
(25, 32),
(26, 33),
(27, 34),
(28, 35),
(870, 36),
(30, 37),
(33, 38),
(1769, 39),
(29, 40),
(31, 41),
(32, 42),
(34, 43),
(565, 44),
(356, 45),
(36, 46),
(875, 47),
(876, 48),
(874, 49),
(35, 50),
(1169, 51),
(42, 52),
(37, 53),
(41, 54),
(40, 55),
(39, 56),
(38, 57),
(853, 58),
(852, 59),
(135, 60),
(1782, 61),
(878, 62),
(43, 63),
(427, 64),
(880, 65),
(44, 66),
(583, 67),
(584, 68),
(45, 69),
(46, 69),
(47, 70),
(592, 71),
(209, 72),
(935, 73),
(936, 74),
(1775, 74),
(370, 75),
(371, 75),
(1281, 76),
(898, 77),
(898, 78),
(48, 79),
(49, 80),
(50, 81),
(51, 82),
(73, 83),
(899, 84),
(863, 85),
(918, 86),
(586, 87),
(65, 88),
(62, 89),
(63, 90),
(64, 91),
(66, 92),
(61, 93),
(900, 94),
(901, 95),
(627, 96),
(19, 97),
(20, 98),
(1377, 99),
(1167, 100),
(24, 101),
(909, 102),
(862, 103),
(502, 104),
(339, 105),
(1567, 106),
(1566, 107),
(1574, 108),
(720, 109),
(753, 109),
(911, 110),
(910, 111),
(912, 112),
(913, 113),
(1127, 114),
(1128, 114),
(914, 115),
(1192, 116),
(72, 117),
(578, 118),
(533, 119),
(1124, 120),
(539, 121),
(435, 122),
(847, 123),
(553, 124),
(920, 125),
(922, 126),
(1752, 127),
(923, 128),
(924, 129),
(925, 130),
(82, 131),
(81, 132),
(83, 133),
(84, 134),
(85, 135),
(150, 136),
(928, 137),
(86, 138),
(87, 138),
(929, 139),
(930, 140),
(90, 141),
(88, 142),
(89, 142),
(931, 143),
(932, 144),
(933, 145),
(1817, 146),
(91, 147),
(1133, 148),
(934, 149),
(92, 150),
(94, 151),
(136, 152),
(1105, 153),
(137, 154),
(141, 155),
(199, 155),
(200, 155),
(140, 156),
(1521, 157),
(472, 158),
(474, 159),
(475, 160),
(686, 161),
(1753, 162),
(1754, 163),
(1230, 164),
(276, 165),
(483, 166),
(906, 167),
(726, 168),
(907, 169),
(303, 170),
(1219, 171),
(938, 172),
(939, 172),
(966, 172),
(967, 172),
(1287, 173),
(1129, 174),
(1220, 174),
(304, 175),
(153, 176),
(1222, 177),
(154, 178),
(305, 179),
(306, 180),
(941, 181),
(643, 182),
(942, 183),
(1800, 184),
(1801, 185),
(825, 186),
(1350, 187),
(1351, 187),
(1802, 188),
(824, 189),
(1803, 190),
(1804, 191),
(105, 192),
(798, 193),
(943, 194),
(799, 195),
(800, 195),
(804, 196),
(803, 197),
(944, 198),
(802, 199),
(801, 200),
(1221, 201),
(1710, 202),
(1711, 203),
(1712, 204),
(947, 205),
(945, 206),
(946, 207),
(949, 208),
(948, 209),
(122, 210),
(823, 211),
(477, 212),
(480, 213),
(1720, 214),
(480, 215),
(315, 216),
(1226, 217),
(249, 218),
(250, 218),
(855, 219),
(857, 220),
(251, 221),
(856, 222),
(859, 222),
(759, 223),
(1808, 224),
(1232, 225),
(1778, 226),
(317, 227),
(1233, 228),
(1234, 229),
(148, 230),
(318, 231),
(620, 232),
(1621, 233),
(1620, 234),
(1622, 235),
(1623, 236),
(102, 237),
(1624, 238),
(319, 239),
(471, 240),
(470, 241),
(325, 242),
(326, 243),
(1235, 244),
(320, 245),
(1236, 246),
(1237, 247),
(1238, 248),
(321, 249),
(702, 250),
(1330, 251),
(1448, 252),
(1749, 252),
(203, 253),
(1043, 253),
(202, 254),
(1240, 255),
(1239, 256),
(1760, 257),
(1763, 258),
(1695, 259),
(1761, 260),
(1762, 261),
(1764, 262),
(1765, 263),
(1751, 264),
(322, 265),
(1255, 266),
(1242, 267),
(324, 268),
(1243, 269),
(1244, 270),
(323, 271),
(1245, 272),
(1246, 273),
(1811, 274),
(1247, 275),
(1746, 276),
(1745, 277),
(1258, 278),
(335, 279),
(244, 280),
(1191, 280),
(1743, 281),
(785, 282),
(1248, 282),
(1249, 283),
(916, 284),
(915, 285),
(786, 286),
(334, 287),
(1251, 288),
(1750, 288),
(1252, 289),
(1250, 290),
(1254, 291),
(1253, 292),
(327, 293),
(700, 294),
(1257, 295),
(1256, 296),
(701, 297),
(337, 298),
(336, 299),
(1812, 300),
(1813, 301),
(902, 302),
(1372, 302),
(903, 303),
(689, 304),
(1259, 305),
(328, 306),
(329, 306),
(1060, 307),
(1626, 308),
(330, 309),
(76, 310),
(75, 311),
(332, 312),
(331, 313),
(1085, 314),
(1225, 315),
(432, 316),
(1573, 317),
(430, 318),
(1650, 319),
(1531, 320),
(379, 321),
(379, 322),
(1531, 323),
(431, 324),
(1649, 325),
(333, 326),
(1814, 327),
(1261, 328),
(1262, 329),
(1260, 330),
(597, 331),
(1263, 332),
(1264, 333),
(721, 334),
(1267, 335),
(1269, 336),
(1265, 337),
(1266, 338),
(722, 339),
(271, 340),
(1274, 341),
(272, 342),
(1272, 343),
(1273, 344),
(1067, 345),
(1275, 345),
(338, 346),
(340, 347),
(1681, 348),
(1276, 349),
(1278, 350),
(727, 351),
(343, 352),
(344, 352),
(1279, 352),
(1378, 353),
(345, 354),
(346, 354),
(952, 355),
(347, 356),
(348, 356),
(258, 357),
(861, 358),
(706, 359),
(1106, 360),
(1795, 361),
(316, 362),
(1280, 363),
(1716, 364),
(1718, 365),
(954, 366),
(353, 367),
(354, 368),
(355, 369),
(100, 370),
(992, 371),
(1509, 372),
(357, 373),
(1286, 374),
(1503, 375),
(1284, 376),
(351, 377),
(1333, 378),
(1381, 379),
(828, 380),
(826, 381),
(1823, 382),
(1822, 383),
(827, 384),
(1283, 385),
(829, 386),
(955, 387),
(147, 388),
(956, 389),
(622, 390),
(1039, 390),
(962, 391),
(160, 392),
(963, 393),
(161, 394),
(1040, 395),
(618, 396),
(616, 397),
(998, 398),
(1807, 399),
(414, 400),
(959, 401),
(957, 402),
(481, 403),
(482, 404),
(168, 405),
(958, 406),
(134, 407),
(1125, 407),
(708, 408),
(960, 409),
(254, 410),
(968, 411),
(969, 412),
(970, 413),
(591, 414),
(1096, 415),
(162, 416),
(164, 417),
(165, 418),
(166, 419),
(169, 420),
(170, 420),
(171, 421),
(965, 422),
(1140, 423),
(964, 424),
(172, 425),
(175, 426),
(972, 427),
(617, 428),
(975, 429),
(976, 430),
(190, 431),
(189, 432),
(1529, 433),
(378, 434),
(378, 435),
(1529, 436),
(979, 437),
(1241, 438),
(186, 439),
(187, 439),
(974, 440),
(973, 441),
(977, 441),
(978, 442),
(188, 443),
(831, 444),
(971, 445),
(1658, 446),
(619, 447),
(980, 448),
(981, 449),
(178, 450),
(982, 451),
(179, 452),
(1558, 453),
(1731, 454),
(985, 455),
(180, 456),
(987, 457),
(181, 458),
(983, 459),
(984, 460),
(1670, 461),
(177, 462),
(176, 463),
(1282, 464),
(182, 465),
(623, 466),
(624, 466),
(1747, 467),
(1748, 468),
(183, 469),
(184, 470),
(185, 471),
(625, 472),
(626, 473),
(158, 474),
(155, 475),
(988, 476),
(157, 477),
(989, 478),
(191, 479),
(167, 480),
(990, 481),
(1331, 481),
(685, 482),
(992, 483),
(149, 484),
(991, 485),
(206, 486),
(1001, 487),
(151, 488),
(208, 489),
(1004, 490),
(207, 491),
(1002, 492),
(174, 493),
(1006, 494),
(222, 495),
(223, 496),
(1706, 497),
(637, 498),
(237, 499),
(238, 500),
(1011, 501),
(1012, 501),
(1008, 502),
(694, 503),
(692, 504),
(1010, 505),
(693, 506),
(224, 507),
(225, 508),
(1032, 509),
(1030, 510),
(1031, 511),
(1033, 512),
(1034, 513),
(227, 514),
(228, 515),
(229, 516),
(230, 517),
(231, 518),
(1035, 519),
(575, 520),
(576, 520),
(350, 521),
(232, 522),
(832, 523),
(1028, 524),
(1022, 526),
(1042, 527),
(1041, 528),
(606, 529),
(784, 530),
(1118, 531),
(882, 532),
(883, 533),
(610, 534),
(884, 535),
(1119, 536),
(886, 537),
(887, 538),
(650, 539),
(885, 540),
(1044, 541),
(1045, 542),
(143, 543),
(1070, 544),
(1072, 545),
(1069, 546),
(1071, 547),
(144, 548),
(1779, 549),
(858, 550),
(1576, 551),
(212, 552),
(213, 553),
(215, 554),
(214, 555),
(1049, 556),
(1050, 557),
(566, 558),
(842, 559),
(843, 560),
(841, 561),
(725, 562),
(1051, 563),
(1053, 564),
(752, 565),
(121, 566),
(1054, 567),
(1055, 568),
(1055, 569),
(614, 570),
(514, 571),
(514, 572),
(514, 573),
(1056, 574),
(707, 575),
(1058, 576),
(219, 577),
(1057, 578),
(905, 579),
(120, 580),
(904, 581),
(220, 582),
(221, 583),
(1059, 584),
(1, 585),
(159, 586),
(1062, 586),
(1063, 587),
(1065, 588),
(1555, 588),
(1066, 589),
(1556, 589),
(789, 590),
(376, 591),
(668, 592),
(986, 593),
(1585, 593),
(1076, 594),
(1068, 595),
(551, 596),
(1277, 597),
(830, 598),
(790, 599),
(1077, 600),
(349, 601),
(1038, 602),
(1079, 603),
(1037, 604),
(1080, 605),
(1036, 606),
(860, 607),
(881, 607),
(1081, 607),
(1105, 608),
(1073, 609),
(1075, 610),
(1074, 611),
(1082, 612),
(1061, 613),
(691, 614),
(849, 615),
(850, 615),
(1123, 616),
(937, 617),
(1805, 618),
(242, 619),
(791, 620),
(1084, 621),
(792, 622),
(1776, 623),
(1767, 624),
(1768, 625),
(1757, 626),
(645, 627),
(1087, 628),
(1088, 629),
(204, 630),
(205, 631),
(1104, 632),
(662, 633),
(1089, 634),
(1090, 635),
(1091, 636),
(137, 637),
(580, 638),
(602, 639),
(1695, 640),
(796, 641),
(795, 642),
(794, 643),
(793, 644),
(1092, 645),
(1093, 646),
(1721, 647),
(1145, 648),
(1094, 649),
(1095, 650),
(1146, 650),
(747, 651),
(749, 652),
(124, 653),
(392, 654),
(393, 655),
(1102, 656),
(687, 657),
(1101, 658),
(1403, 658),
(1099, 659),
(1103, 659),
(848, 660),
(1100, 661),
(445, 662),
(871, 663),
(872, 664),
(873, 665),
(564, 666),
(1048, 667),
(563, 668),
(1110, 669),
(1113, 670),
(1112, 671),
(1111, 672),
(1109, 673),
(1223, 674),
(1097, 675),
(1116, 676),
(126, 677),
(127, 678),
(128, 679),
(129, 680),
(252, 682),
(130, 683),
(133, 684),
(385, 685),
(1432, 686),
(142, 687),
(748, 688),
(535, 689),
(411, 690),
(411, 691),
(410, 692),
(1664, 693),
(146, 694),
(1309, 695),
(559, 696),
(558, 697),
(561, 698),
(560, 699),
(1137, 700),
(805, 701),
(807, 702),
(806, 703),
(1150, 704),
(1772, 705),
(1772, 706),
(1169, 707),
(699, 708),
(1134, 709),
(233, 710),
(235, 711),
(234, 712),
(1153, 713),
(1157, 714),
(1155, 715),
(1156, 716),
(1154, 717),
(1158, 718),
(808, 719),
(809, 720),
(1159, 721),
(1161, 722),
(1160, 723),
(1162, 724),
(1163, 725),
(1164, 726),
(1166, 727),
(1165, 728),
(821, 729),
(819, 730),
(817, 731),
(818, 732),
(820, 733),
(822, 734),
(817, 735),
(1171, 736),
(1172, 737),
(1173, 738),
(1174, 739),
(1176, 740),
(1175, 741),
(810, 742),
(811, 743),
(950, 744),
(951, 745),
(953, 746),
(1177, 747),
(1594, 748),
(1617, 749),
(1676, 750),
(1179, 751),
(812, 752),
(1178, 753),
(815, 754),
(814, 755),
(813, 756),
(1184, 757),
(1180, 758),
(256, 759),
(257, 760),
(1181, 761),
(1182, 762),
(1018, 763),
(1382, 763),
(1019, 764),
(1183, 765),
(752, 766),
(1582, 767),
(2, 768),
(463, 769),
(927, 770),
(278, 771),
(279, 772),
(280, 773),
(1185, 774),
(1186, 775),
(1572, 776),
(1727, 777),
(439, 778),
(116, 779),
(110, 780),
(1577, 781),
(1017, 782),
(775, 783),
(1644, 783),
(437, 784),
(426, 785),
(427, 786),
(1726, 787),
(428, 788),
(1391, 789),
(1187, 790),
(1188, 791),
(1189, 792),
(1194, 793),
(284, 794),
(1190, 795),
(1193, 795),
(283, 796),
(282, 797),
(283, 798),
(1078, 799),
(434, 800),
(1590, 801),
(295, 802),
(294, 803),
(77, 804),
(79, 805),
(1728, 806),
(80, 807),
(296, 808),
(1195, 809),
(418, 810),
(877, 811),
(286, 812),
(285, 813),
(1198, 814),
(685, 815),
(119, 816),
(118, 817),
(145, 818),
(111, 819),
(110, 820),
(441, 821),
(440, 822),
(833, 823),
(291, 824),
(287, 825),
(288, 826),
(253, 827),
(289, 828),
(290, 829),
(1197, 830),
(1199, 830),
(1421, 830),
(123, 831),
(1820, 832),
(704, 833),
(1821, 834),
(293, 835),
(961, 836),
(581, 837),
(669, 838),
(1005, 838),
(292, 839),
(1200, 840),
(1201, 841),
(919, 842),
(1203, 843),
(1204, 844),
(467, 845),
(653, 845),
(52, 846),
(53, 846),
(54, 847),
(55, 847),
(56, 848),
(57, 848),
(468, 849),
(888, 850),
(892, 850),
(889, 851),
(893, 851),
(890, 852),
(894, 852),
(891, 853),
(895, 854),
(896, 855),
(897, 856),
(603, 857),
(1723, 858),
(1571, 859),
(58, 860),
(59, 861),
(60, 862),
(469, 863),
(281, 864),
(465, 865),
(274, 866),
(1052, 867),
(1206, 868),
(297, 869),
(299, 870),
(298, 871),
(1207, 872),
(263, 873),
(264, 874),
(265, 875),
(266, 876),
(267, 877),
(268, 878),
(608, 879),
(269, 880),
(302, 881),
(1209, 882),
(301, 883),
(301, 884),
(1210, 885),
(1210, 886),
(1793, 887),
(1211, 888),
(1212, 889),
(1742, 890),
(1107, 891),
(1213, 892),
(1214, 893),
(1217, 893),
(239, 894),
(240, 894),
(1215, 895),
(1218, 896),
(241, 897),
(1632, 898),
(752, 899),
(3, 900),
(854, 901),
(1227, 902),
(1228, 902),
(1229, 903),
(113, 904),
(1293, 905),
(1290, 906),
(1292, 907),
(1289, 908),
(1291, 909),
(1294, 910),
(1295, 911),
(1297, 912),
(1299, 913),
(1296, 914),
(1298, 915),
(1296, 916),
(1741, 917),
(1301, 918),
(245, 919),
(952, 920),
(1618, 921),
(246, 922),
(446, 923),
(109, 924),
(413, 925),
(394, 926),
(412, 927),
(1302, 928),
(379, 929),
(1318, 930),
(74, 931),
(306, 931),
(1305, 932),
(1306, 933),
(1303, 934),
(1307, 934),
(1304, 935),
(1308, 936),
(358, 937),
(211, 938),
(562, 939),
(443, 940),
(1170, 941),
(1310, 942),
(1311, 943),
(1312, 944),
(1313, 945),
(1314, 946),
(1316, 947),
(1315, 948),
(1317, 948),
(138, 949),
(139, 949),
(759, 950),
(1126, 951),
(566, 953),
(1657, 953),
(1288, 954),
(1774, 954),
(582, 955),
(359, 956),
(360, 957),
(362, 958),
(361, 959),
(365, 960),
(1104, 961),
(363, 962),
(367, 963),
(369, 964),
(369, 965),
(681, 966),
(367, 967),
(366, 968),
(368, 969),
(1323, 970),
(373, 971),
(374, 972),
(375, 973),
(1322, 974),
(1319, 975),
(1324, 976),
(1320, 977),
(1325, 978),
(1321, 979),
(1319, 980),
(1433, 981),
(372, 982),
(193, 983),
(294, 984),
(194, 985),
(195, 986),
(1328, 987),
(386, 988),
(1334, 989),
(1332, 990),
(262, 991),
(262, 992),
(1520, 993),
(382, 994),
(1763, 996),
(383, 997),
(1336, 999),
(1141, 1000),
(466, 1001),
(449, 1002),
(1810, 1003),
(1703, 1004),
(380, 1005),
(381, 1006),
(1337, 1007),
(1338, 1008),
(1339, 1009),
(1358, 1010),
(1357, 1011),
(1359, 1012),
(1354, 1013),
(1355, 1014),
(1356, 1015),
(260, 1016),
(261, 1017),
(408, 1018),
(1335, 1019),
(387, 1020),
(388, 1020),
(1350, 1020),
(389, 1021),
(1345, 1022),
(1664, 1023),
(390, 1024),
(391, 1024),
(1744, 1025),
(1536, 1026),
(395, 1027),
(396, 1028),
(1346, 1029),
(705, 1030),
(1352, 1031),
(397, 1032),
(398, 1033),
(1347, 1034),
(1348, 1035),
(399, 1036),
(1375, 1037),
(1349, 1038),
(403, 1039),
(1360, 1040),
(12, 1041),
(13, 1041),
(1651, 1042),
(1361, 1043),
(1405, 1044),
(1362, 1045),
(1363, 1046),
(404, 1047),
(404, 1048),
(405, 1049),
(1365, 1050),
(1366, 1051),
(1364, 1052),
(406, 1053),
(407, 1054),
(917, 1055),
(1367, 1056),
(1342, 1057),
(1368, 1058),
(1369, 1059),
(1755, 1060),
(1341, 1061),
(1343, 1062),
(1370, 1063),
(777, 1064),
(1756, 1065),
(776, 1066),
(1340, 1067),
(452, 1068),
(1371, 1069),
(236, 1070),
(416, 1070),
(1008, 1072),
(417, 1073),
(236, 1074),
(1374, 1076),
(1373, 1077),
(425, 1078),
(511, 1079),
(512, 1080),
(1380, 1081),
(513, 1082),
(1379, 1083),
(476, 1084),
(1722, 1085),
(1381, 1086),
(1202, 1087),
(1575, 1088),
(1664, 1089),
(1387, 1090),
(1384, 1091),
(1383, 1092),
(1385, 1093),
(1386, 1094),
(1390, 1095),
(113, 1096),
(424, 1097),
(1388, 1098),
(423, 1099),
(419, 1100),
(420, 1101),
(421, 1102),
(429, 1103),
(1389, 1104),
(447, 1105),
(1406, 1106),
(1393, 1107),
(1394, 1108),
(1400, 1109),
(1101, 1110),
(1403, 1110),
(1398, 1111),
(1395, 1112),
(448, 1113),
(1397, 1114),
(1401, 1115),
(1402, 1116),
(1401, 1117),
(1396, 1118),
(1405, 1119),
(1399, 1120),
(1404, 1121),
(451, 1122),
(450, 1123),
(1392, 1124),
(1408, 1125),
(1407, 1126),
(458, 1127),
(1409, 1128),
(575, 1129),
(845, 1130),
(93, 1131),
(844, 1132),
(846, 1133),
(1414, 1134),
(1415, 1135),
(1794, 1136),
(1416, 1137),
(1578, 1138),
(774, 1139),
(478, 1140),
(442, 1141),
(1781, 1142),
(869, 1143),
(1023, 1143),
(1025, 1144),
(1026, 1145),
(1024, 1146),
(218, 1147),
(505, 1148),
(1420, 1149),
(1488, 1150),
(152, 1151),
(479, 1152),
(1423, 1153),
(1424, 1154),
(484, 1155),
(485, 1156),
(1425, 1156),
(641, 1157),
(1125, 1157),
(1270, 1158),
(1427, 1159),
(545, 1160),
(1114, 1160),
(548, 1161),
(546, 1162),
(547, 1163),
(879, 1164),
(1426, 1165),
(461, 1166),
(486, 1167),
(487, 1168),
(1428, 1169),
(488, 1170),
(593, 1171),
(489, 1172),
(490, 1173),
(491, 1174),
(494, 1175),
(493, 1176),
(492, 1177),
(1429, 1178),
(1430, 1179),
(495, 1180),
(498, 1181),
(500, 1182),
(496, 1183),
(501, 1184),
(497, 1185),
(499, 1186),
(1431, 1187),
(108, 1188),
(1434, 1189),
(196, 1190),
(197, 1191),
(198, 1192),
(275, 1194),
(1715, 1195),
(1435, 1196),
(1436, 1197),
(1437, 1199),
(515, 1200),
(1438, 1201),
(1439, 1202),
(787, 1203),
(788, 1204),
(516, 1205),
(517, 1205),
(1625, 1206),
(659, 1207),
(1440, 1208),
(519, 1209),
(518, 1210),
(1442, 1211),
(834, 1212),
(835, 1213),
(838, 1214),
(1445, 1215),
(1443, 1216),
(1444, 1217),
(1136, 1218),
(1683, 1219),
(836, 1220),
(1687, 1221),
(1446, 1222),
(616, 1223),
(1685, 1223),
(1447, 1224),
(1686, 1224),
(773, 1225),
(604, 1226),
(605, 1226),
(1773, 1227),
(1775, 1228),
(1449, 1229),
(1098, 1230),
(1450, 1231),
(520, 1232),
(521, 1233),
(1496, 1234),
(1759, 1235),
(1758, 1236),
(1720, 1237),
(522, 1238),
(523, 1239),
(1451, 1240),
(1720, 1241),
(526, 1242),
(1452, 1243),
(527, 1244),
(528, 1244),
(529, 1244),
(1353, 1245),
(530, 1246),
(1653, 1247),
(1654, 1248),
(1655, 1249),
(1656, 1250),
(1453, 1251),
(1661, 1252),
(1662, 1253),
(1454, 1254),
(1456, 1255),
(1455, 1256),
(1456, 1256),
(607, 1257),
(758, 1258),
(1500, 1259),
(981, 1260),
(581, 1261),
(1501, 1262),
(1457, 1263),
(1458, 1263),
(1461, 1264),
(1460, 1265),
(1459, 1266),
(400, 1267),
(1462, 1268),
(552, 1269),
(1463, 1269),
(1369, 1270),
(1465, 1271),
(1464, 1272),
(555, 1273),
(554, 1274),
(236, 1275),
(1466, 1276),
(1467, 1277),
(1468, 1278),
(1469, 1280),
(1131, 1281),
(1472, 1282),
(1470, 1283),
(1473, 1284),
(1471, 1285),
(1477, 1286),
(1691, 1286),
(1478, 1287),
(1474, 1288),
(1475, 1289),
(1479, 1290),
(1476, 1291),
(1481, 1292),
(1480, 1293),
(1481, 1294),
(1486, 1295),
(1482, 1296),
(595, 1297),
(585, 1298),
(1485, 1299),
(1484, 1300),
(1483, 1301),
(1138, 1302),
(1139, 1303),
(1144, 1304),
(1142, 1305),
(1143, 1306),
(1147, 1307),
(1148, 1308),
(1003, 1309),
(1487, 1310),
(1489, 1311),
(1490, 1312),
(106, 1313),
(1770, 1315),
(107, 1316),
(243, 1317),
(598, 1318),
(590, 1319),
(1491, 1320),
(1492, 1321),
(1493, 1322),
(587, 1323),
(588, 1324),
(589, 1325),
(1494, 1326),
(1196, 1327),
(1495, 1328),
(192, 1329),
(569, 1330),
(1009, 1331),
(663, 1332),
(594, 1333),
(743, 1334),
(1497, 1335),
(4, 1336),
(5, 1336),
(6, 1336),
(7, 1336),
(8, 1336),
(1737, 1336),
(601, 1337),
(1498, 1338),
(1499, 1339),
(1224, 1340),
(531, 1341),
(744, 1342),
(1502, 1343),
(840, 1344),
(307, 1345),
(309, 1346),
(1504, 1347),
(311, 1348),
(1505, 1349),
(312, 1350),
(1506, 1351),
(1507, 1352),
(840, 1353),
(313, 1354),
(1508, 1355),
(314, 1356),
(839, 1357),
(1511, 1358),
(1510, 1359),
(1515, 1360),
(1514, 1361),
(1513, 1362),
(1516, 1363),
(1517, 1364),
(1518, 1365),
(611, 1366),
(210, 1367),
(1519, 1368),
(1787, 1369),
(613, 1370),
(612, 1371),
(1271, 1372),
(1285, 1373),
(532, 1374),
(690, 1375),
(926, 1376),
(1778, 1376),
(628, 1377),
(1270, 1378),
(508, 1379),
(1512, 1380),
(630, 1381),
(631, 1382),
(1523, 1382),
(1524, 1383),
(1522, 1384),
(632, 1385),
(377, 1386),
(1526, 1387),
(1525, 1388),
(1027, 1389),
(1046, 1390),
(633, 1391),
(634, 1392),
(636, 1393),
(635, 1394),
(703, 1395),
(577, 1396),
(652, 1397),
(653, 1397),
(1538, 1398),
(573, 1399),
(1527, 1400),
(1503, 1401),
(1539, 1402),
(1540, 1403),
(1541, 1404),
(78, 1405),
(524, 1405),
(648, 1406),
(1541, 1407),
(1542, 1408),
(1708, 1409),
(1532, 1410),
(1027, 1411),
(1533, 1412),
(509, 1413),
(510, 1413),
(273, 1414),
(651, 1415),
(1534, 1416),
(462, 1417),
(1536, 1418),
(567, 1419),
(1537, 1419),
(638, 1420),
(18, 1421),
(568, 1422),
(649, 1424),
(507, 1425),
(1545, 1426),
(1544, 1427),
(1543, 1428),
(1546, 1429),
(503, 1430),
(1553, 1431),
(1547, 1432),
(1152, 1433),
(1732, 1433),
(1151, 1434),
(579, 1435),
(1725, 1436),
(524, 1437),
(1548, 1438),
(1550, 1439),
(1550, 1440),
(1554, 1441),
(1549, 1442),
(1551, 1443),
(1552, 1444),
(473, 1445),
(1557, 1446),
(659, 1447),
(658, 1448),
(1562, 1449),
(1561, 1450),
(1560, 1451),
(1559, 1452),
(1563, 1453),
(104, 1454),
(574, 1455),
(572, 1456),
(571, 1457),
(1531, 1458),
(1530, 1459),
(599, 1460),
(600, 1460),
(657, 1461),
(1565, 1462),
(1564, 1463),
(341, 1464),
(342, 1464),
(1021, 1465),
(1786, 1466),
(660, 1467),
(661, 1467),
(996, 1468),
(993, 1469),
(994, 1470),
(1568, 1471),
(1568, 1472),
(639, 1473),
(1796, 1474),
(1799, 1475),
(1797, 1476),
(103, 1477),
(1798, 1478),
(570, 1479),
(1000, 1480),
(1569, 1481),
(1570, 1482),
(1632, 1483),
(1535, 1485),
(683, 1486),
(684, 1486),
(685, 1487),
(1729, 1488),
(621, 1489),
(1619, 1490),
(1591, 1491),
(666, 1492),
(1595, 1493),
(1596, 1494),
(667, 1495),
(664, 1496),
(665, 1496),
(1597, 1497),
(1598, 1498),
(1599, 1499),
(557, 1500),
(556, 1501),
(1600, 1502),
(1601, 1503),
(1602, 1504),
(1603, 1505),
(1135, 1506),
(1604, 1506),
(1132, 1507),
(1605, 1508),
(506, 1509),
(1705, 1510),
(642, 1511),
(640, 1512),
(1606, 1513),
(401, 1514),
(1329, 1515),
(1344, 1516),
(671, 1517),
(1581, 1518),
(710, 1519),
(1376, 1520),
(670, 1521),
(1607, 1522),
(255, 1523),
(671, 1524),
(540, 1525),
(541, 1526),
(542, 1527),
(995, 1528),
(1014, 1529),
(1216, 1530),
(1016, 1531),
(1608, 1532),
(1609, 1533),
(1610, 1533),
(1015, 1534),
(1611, 1535),
(679, 1536),
(1618, 1537),
(1029, 1538),
(1612, 1539),
(1613, 1540),
(1615, 1541),
(1616, 1542),
(1614, 1543),
(1579, 1544),
(1780, 1545),
(1580, 1546),
(1583, 1547),
(1584, 1548),
(816, 1549),
(1645, 1550),
(1117, 1551),
(654, 1552),
(1326, 1553),
(655, 1554),
(656, 1554),
(596, 1555),
(1327, 1556),
(364, 1557),
(695, 1558),
(696, 1559),
(697, 1560),
(1627, 1561),
(1628, 1562),
(1629, 1563),
(1630, 1564),
(1268, 1565),
(719, 1566),
(720, 1566),
(698, 1567),
(352, 1568),
(1631, 1569),
(1806, 1570),
(308, 1571),
(1007, 1572),
(310, 1573),
(1636, 1574),
(1208, 1575),
(1635, 1575),
(1634, 1576),
(1638, 1577),
(1637, 1578),
(1648, 1579),
(1641, 1580),
(730, 1581),
(1815, 1582),
(1816, 1582),
(173, 1583),
(908, 1584),
(1642, 1585),
(1149, 1586),
(1707, 1587),
(1586, 1588),
(1646, 1589),
(1647, 1590),
(1643, 1591),
(1652, 1592),
(709, 1593),
(270, 1594),
(566, 1595),
(1657, 1595),
(1660, 1596),
(711, 1597),
(712, 1598),
(1659, 1599),
(444, 1600),
(1639, 1601),
(1640, 1602),
(713, 1603),
(1663, 1604),
(536, 1605),
(1684, 1606),
(1665, 1607),
(537, 1608),
(1666, 1609),
(1734, 1610),
(550, 1611),
(549, 1612),
(538, 1613),
(1682, 1614),
(543, 1615),
(544, 1615),
(247, 1616),
(1667, 1617),
(837, 1618),
(259, 1619),
(1668, 1620),
(1669, 1621),
(1168, 1622),
(714, 1623),
(1671, 1624),
(723, 1625),
(715, 1626),
(716, 1627),
(1419, 1628),
(728, 1629),
(729, 1629),
(1696, 1630),
(717, 1631),
(718, 1632),
(1672, 1633),
(534, 1634),
(1418, 1635),
(1083, 1636),
(732, 1637),
(731, 1638),
(1673, 1639),
(1674, 1640),
(1674, 1641),
(672, 1642),
(675, 1643),
(676, 1644),
(677, 1645),
(673, 1646),
(674, 1647),
(678, 1648),
(680, 1649),
(682, 1650),
(681, 1651),
(1675, 1652),
(735, 1653),
(736, 1654),
(737, 1654),
(1677, 1655),
(1678, 1656),
(1679, 1657),
(1808, 1658),
(1680, 1659),
(644, 1660),
(738, 1661),
(739, 1662),
(740, 1663),
(741, 1664),
(464, 1665),
(742, 1666),
(629, 1667),
(688, 1668),
(762, 1669),
(851, 1670),
(1441, 1671),
(750, 1672),
(751, 1673),
(743, 1674),
(1697, 1675),
(746, 1676),
(1086, 1677),
(1441, 1678),
(615, 1679),
(248, 1680),
(1688, 1681),
(755, 1682),
(1689, 1683),
(754, 1684),
(756, 1685),
(1690, 1686),
(757, 1687),
(1693, 1688),
(1695, 1689),
(1694, 1690),
(1115, 1691),
(1692, 1692),
(1050, 1693),
(1633, 1694),
(1698, 1695),
(763, 1696),
(764, 1697),
(1699, 1698),
(262, 1699),
(1699, 1699),
(1717, 1700),
(760, 1701),
(1700, 1702),
(1701, 1703),
(1702, 1704),
(761, 1705),
(765, 1706),
(765, 1707),
(1593, 1708),
(1704, 1709),
(1300, 1710),
(940, 1711),
(772, 1712),
(389, 1713),
(436, 1714),
(388, 1715),
(998, 1716),
(997, 1717),
(1709, 1718),
(771, 1719),
(767, 1720),
(768, 1721),
(769, 1721),
(766, 1722),
(770, 1723),
(999, 1724),
(300, 1725),
(580, 1726),
(733, 1727),
(1713, 1728),
(1714, 1729),
(1818, 1730),
(1819, 1731),
(1809, 1732),
(1719, 1733),
(1047, 1734),
(1735, 1734),
(422, 1735),
(1733, 1736),
(433, 1737),
(1121, 1738),
(1122, 1739),
(1528, 1739),
(609, 1740),
(1120, 1741),
(459, 1742),
(217, 1743),
(1064, 1744),
(778, 1745),
(216, 1746),
(1018, 1747),
(1019, 1748),
(1020, 1749),
(779, 1750),
(781, 1751),
(782, 1752),
(780, 1753),
(783, 1754),
(1013, 1755),
(1730, 1756),
(873, 1757),
(131, 1758),
(718, 1759),
(132, 1760),
(1417, 1761),
(1736, 1762),
(921, 1763),
(163, 1764),
(1738, 1765),
(95, 1766),
(96, 1767),
(1739, 1768),
(98, 1769),
(1740, 1770),
(99, 1771),
(101, 1772),
(97, 1773),
(112, 1774),
(113, 1774),
(114, 1774),
(1231, 1775),
(115, 1776),
(115, 1777),
(108, 1778),
(525, 1779),
(125, 1780),
(460, 1781),
(1766, 1782),
(1771, 1783),
(1592, 1784),
(1777, 1784),
(1588, 1785),
(1589, 1786),
(1587, 1787),
(1783, 1788),
(1130, 1789),
(1784, 1790),
(236, 1791),
(1205, 1792),
(1724, 1793),
(1422, 1794),
(1785, 1795),
(1788, 1796),
(1789, 1797),
(1790, 1798),
(1791, 1799),
(1792, 1800),
(342, 1801),
(453, 1801),
(156, 1802),
(1412, 1803),
(456, 1804),
(1410, 1805),
(1411, 1806),
(454, 1807),
(402, 1808),
(1413, 1809),
(455, 1810),
(457, 1811);

-- --------------------------------------------------------





DROP TABLE IF EXISTS `de_word`;
CREATE TABLE IF NOT EXISTS `de_word` (
  `id` smallint(6) NOT NULL AUTO_INCREMENT,
  `name` varchar(160) DEFAULT NULL,
  `wp_article` varchar(160) DEFAULT NULL,
  PRIMARY KEY (`id`),
  KEY `name_idx` (`name`)
) ENGINE=InnoDB  DEFAULT CHARSET=utf8 AUTO_INCREMENT=1824 ;





INSERT INTO `de_word` (`id`, `name`, `wp_article`) VALUES
(1, 'f Strich (f’)', NULL),
(2, 'Bild(f)', NULL),
(3, 'Kern(f)', NULL),
(4, 'uvw-Theorem', 'Uvw-Theorem'),
(5, 'Schleifenlemma', NULL),
(6, 'Pumplemma', 'Pumping-Lemma'),
(7, 'Pumping-Lemma', 'Pumping-Lemma'),
(8, 'Iterationslemma', NULL),
(9, 'abelsch', 'Abelsch'),
(10, 'abelsche Gruppe', 'Abelsche Gruppe'),
(11, 'absoluter Fehler', 'Absoluter Fehler'),
(12, 'Betrag', 'Betrag'),
(13, 'Absolutbetrag', 'Absolutbetrag'),
(14, 'absolut stetig', 'Absolut stetig'),
(15, 'absolut konvergent', 'Absolut konvergent'),
(16, 'abstrakt', 'Abstrakt'),
(17, 'Abszisse', 'Abszisse'),
(18, 'reguläre Sprache', 'Reguläre Sprache'),
(19, 'Automorphismus', 'Automorphismus'),
(20, 'autonom', 'Autonom'),
(21, 'adjungiert', 'Adjungiert'),
(22, 'adjungierte Matrix', 'Adjungierte Matrix'),
(23, 'Alphabet', 'Alphabet'),
(24, 'Axiom', 'Axiom'),
(25, 'Algebra', 'Algebra'),
(26, 'algebraisch', 'Algebraisch'),
(27, 'algebraisches Komplement', NULL),
(28, 'algebraisches Element', 'Algebraisches Element'),
(29, 'algebraische Struktur', 'Algebraische Struktur'),
(30, 'algebraische Funktion', 'Algebraische Funktion'),
(31, 'algebraisch abgeschlossen', 'Algebraisch abgeschlossen'),
(32, 'algebraisch unabhängig', NULL),
(33, 'algebraische Zahl', 'Algebraische Zahl'),
(34, 'Algorithmus', 'Algorithmus'),
(35, 'alternativ', 'Alternativ'),
(36, 'alternierend', 'Alternierend'),
(37, 'Analysis', 'Analysis'),
(38, 'analytisch', 'Analytisch'),
(39, 'analytische Geometrie', 'Analytische Geometrie'),
(40, 'analytische Funktion', 'Analytische Funktion'),
(41, 'analytische Fortsetzung', 'Analytische Fortsetzung'),
(42, 'Analogrechner', 'Analogrechner'),
(43, 'Anomalie', 'Anomalie'),
(44, 'antisymmetrischer Tensor', NULL),
(45, 'Näherung', 'Näherung'),
(46, 'Approximation', 'Approximation'),
(47, 'arabische Ziffern', 'Arabische Ziffern'),
(48, 'Argument', 'Argument'),
(49, 'Argumentation', 'Argumentation'),
(50, 'arithmetische Funktion', 'Arithmetische Funktion'),
(51, 'arithmetisches Mittel', 'Arithmetisches Mittel'),
(52, 'Arcuskosekans', NULL),
(53, 'Arcuscosekans', NULL),
(54, 'Arcuskosinus', NULL),
(55, 'Arcuscosinus', 'Arcuscosinus'),
(56, 'Arcuscotangens', NULL),
(57, 'Arcuskotangens', NULL),
(58, 'Arcussekans', NULL),
(59, 'Arcussinus', 'Arcussinus'),
(60, 'Arcustangens', 'Arcustangens'),
(61, 'Asymptote', 'Asymptote'),
(62, 'assoziativ', 'Assoziativ'),
(63, 'Assoziativgesetz', 'Assoziativgesetz'),
(64, 'Assoziativität', 'Assoziativität'),
(65, 'assoziiert', 'Assoziiert'),
(66, 'Astroide', 'Astroide'),
(67, 'affin', 'Affin'),
(68, 'Affinität', 'Affinität'),
(69, 'affiner Unterraum', 'Affiner Unterraum'),
(70, 'affine Abbildung', 'Affine Abbildung'),
(71, 'affiner Raum', 'Affiner Raum'),
(72, 'Basis', 'Basis'),
(73, 'Schenkel des Winkels', NULL),
(74, 'Schenkel', 'Schenkel'),
(75, 'kontextfreie Sprache', 'Kontextfreie Sprache'),
(76, 'kontextfreie Grammatik', 'Kontextfreie Grammatik'),
(77, 'unendlich', 'Unendlich'),
(78, 'unendlicher Dezimalbruch', NULL),
(79, 'unendliche Menge', 'Unendliche Menge'),
(80, 'Unendlichkeit', 'Unendlichkeit'),
(81, 'bijektiv', 'Bijektiv'),
(82, 'Bijektion', 'Bijektion'),
(83, 'bilinear', 'Bilinear'),
(84, 'Bilinearform', 'Bilinearform'),
(85, 'Bimorphismus', NULL),
(86, 'Binom', 'Binom'),
(87, 'binomisch', NULL),
(88, 'binomische Reihe', 'Binomische Reihe'),
(89, 'Binomialreihe', 'Binomialreihe'),
(90, 'Binomialentwicklung', 'Binomialentwicklung'),
(91, 'birational', NULL),
(92, 'Blockmatrix', NULL),
(93, 'Zahlensystem', 'Zahlensystem'),
(94, 'boolesche algebra', NULL),
(95, 'Variation', 'Variation'),
(96, 'Vektor', 'Vektor'),
(97, 'Untervektorraum', 'Untervektorraum'),
(98, 'Vektorfeld', 'Vektorfeld'),
(99, 'Vektorprodukt', 'Vektorprodukt'),
(100, 'Kreuzprodukt', 'Kreuzprodukt'),
(101, 'Vektorraum', 'Vektorraum'),
(102, 'Spaltenvektor', 'Spaltenvektor'),
(103, 'Zeilenvektor', 'Zeilenvektor'),
(104, 'richtig', 'Richtig'),
(105, 'Kettenregel', 'Kettenregel'),
(106, 'Wahrscheinlichkeit', 'Wahrscheinlichkeit'),
(107, 'Wahrscheinlichkeitsraum', 'Wahrscheinlichkeitsraum'),
(108, 'Schwingung', 'Schwingung'),
(109, 'führende Null', NULL),
(110, 'Inkreis', 'Inkreis'),
(111, 'Umfangswinkel', 'Umfangswinkel'),
(112, 'Scheitelpunkt', 'Scheitelpunkt'),
(113, 'Knoten', 'Knoten'),
(114, 'Ecke', 'Ecke'),
(115, 'Scheitelwinkel', 'Scheitelwinkel'),
(116, 'auf gleicher Ebene', NULL),
(117, 'Eingabealphabet', NULL),
(118, 'Eingabedaten', NULL),
(119, 'Eingabe', 'Eingabe'),
(120, 'Außenwinkel', 'Außenwinkel'),
(121, 'Ankreis', 'Ankreis'),
(122, 'über (n über k)', 'Über'),
(123, 'innerer Punkt', 'Innerer Punkt'),
(124, 'Gamma-Funktion', 'Gamma-Funktion'),
(125, 'Gesichtspunkt', NULL),
(126, 'global', 'Global'),
(127, 'globales Extremum', NULL),
(128, 'globales Maximum', 'Globales Maximum'),
(129, 'globales Minimum', 'Globales Minimum'),
(130, 'Gon', 'Gon'),
(131, 'obere Schranke', 'Obere Schranke'),
(132, 'Obersumme', 'Obersumme'),
(133, 'Gradient', 'Gradient'),
(134, 'Bogengrad', 'Bogengrad'),
(135, 'Winkelmaß', 'Winkelmaß'),
(136, 'Schranke', 'Schranke'),
(137, 'Rand', 'Rand'),
(138, 'Limes', 'Limes'),
(139, 'Grenzwert', 'Grenzwert'),
(140, 'Randwert', NULL),
(141, 'Randpunkt', 'Randpunkt'),
(142, 'Graph', 'Graph'),
(143, 'Fehler', 'Fehler'),
(144, 'Fehler erster / zweiter Art', NULL),
(145, 'Eingabefehler', NULL),
(146, 'Gruppe', 'Gruppe'),
(147, 'Daten', 'Daten'),
(148, 'Doppelpunkt', 'Doppelpunkt'),
(149, 'Doppelintegral', NULL),
(150, 'binär', 'Binär'),
(151, 'Dualzahl', 'Dualzahl'),
(152, 'Operation', 'Operation'),
(153, 'kartesisch', 'Kartesisch'),
(154, 'kartesisches Produkt', 'Kartesisches Produkt'),
(155, 'Division (durch Null)', 'Division'),
(156, 'Nulldivision', NULL),
(157, 'Division mit Rest', 'Division mit Rest'),
(158, 'Teilbarkeit', 'Teilbarkeit'),
(159, 'Teiler', 'Teiler'),
(160, 'Dezimalbruch', 'Dezimalbruch'),
(161, 'Dezimalsystem', 'Dezimalsystem'),
(162, 'Determinante', 'Determinante'),
(163, 'Vandermondsche Determinante', NULL),
(164, 'deterministisch', 'Deterministisch'),
(165, 'deterministische endliche Automaten (DEA)', NULL),
(166, 'deterministischer endlicher Automat (DEA)', 'Deterministischer endlicher Automat'),
(167, 'Definitionsbereich', 'Definitionsbereich'),
(168, 'Definition', 'Definition'),
(169, 'Diagonale', 'Diagonale'),
(170, 'diagonal', 'Diagonal'),
(171, 'Diagonalmatrix', 'Diagonalmatrix'),
(172, 'Diagramm', 'Diagramm'),
(173, 'Zustandsübergangsdiagramm (ZÜD)', 'Zustandsübergangsdiagramm'),
(174, 'Dyade', 'Dyade'),
(175, 'Durchmesser', 'Durchmesser'),
(176, 'Disjunktive Normalform', 'Disjunktive Normalform'),
(177, 'Disjunktion', 'Disjunktion'),
(178, 'direkt', NULL),
(179, 'direkte Summe', 'Direkte Summe'),
(180, 'diskret', 'Diskret'),
(181, 'Diskriminante', 'Diskriminante'),
(182, 'Streuung', 'Streuung'),
(183, 'distributiv', 'Distributiv'),
(184, 'Distributivgesetz', 'Distributivgesetz'),
(185, 'Distributivität', 'Distributivität'),
(186, 'Differenzial', 'Differenzial'),
(187, 'Differential', 'Differential'),
(188, 'Differenziation', 'Differenziation'),
(189, 'differenzierbar', 'Differenzierbar'),
(190, 'Differenzierbarkeit', 'Differenzierbarkeit'),
(191, 'Dodekaeder', 'Dodekaeder'),
(192, 'Beweis', 'Beweis'),
(193, 'untere Schranke', 'Untere Schranke'),
(194, 'Untersumme', 'Untersumme'),
(195, 'untere Dreiecksmatrix', 'Untere Dreiecksmatrix'),
(196, 'Schmiegkreis', 'Schmiegkreis'),
(197, 'Schmiegparabel', NULL),
(198, 'Schmiegebene', NULL),
(199, 'Berührungspunkt', 'Berührungspunkt'),
(200, 'Berührpunkt', 'Berührpunkt'),
(201, 'zulässige Zahl', NULL),
(202, 'Komplementwinkel', 'Komplementwinkel'),
(203, 'Komplement', 'Komplement'),
(204, 'Bruch', 'Bruch'),
(205, 'gebrochen', NULL),
(206, 'duale Basis', 'Duale Basis'),
(207, 'dualer Vektorraum', 'Dualer Vektorraum'),
(208, 'Dualraum', 'Dualraum'),
(209, 'Kreisbogen', 'Kreisbogen'),
(210, 'Bogenmaß', 'Bogenmaß'),
(211, 'Länge', 'Länge'),
(212, 'euklidisch', 'Euklidisch'),
(213, 'euklidischer Algorithmus', 'Euklidischer Algorithmus'),
(214, 'euklidischer Vektorraum', 'Euklidischer Vektorraum'),
(215, 'euklidischer Ring', 'Euklidischer Ring'),
(216, 'Einheitskreis', 'Einheitskreis'),
(217, 'eindeutig', 'Eindeutig'),
(218, 'eineindeutig', 'Eineindeutig'),
(219, 'Exponentialfunktion', 'Exponentialfunktion'),
(220, 'Extrapolation', 'Extrapolation'),
(221, 'Extremum', 'Extremum'),
(222, 'exzentrisch (adj.)', 'Exzentrisch'),
(223, 'Exzentrität', NULL),
(224, 'Element', 'Element'),
(225, 'elementar', NULL),
(226, 'Elementarereignis', 'Elementarereignis'),
(227, 'Ellipse', 'Ellipse'),
(228, 'Ellipsoid', 'Ellipsoid'),
(229, 'elliptisch (adj)', NULL),
(230, 'elliptisch (adv)', NULL),
(231, 'empirischer Erwartungswert', NULL),
(232, 'Endomorphismus', 'Endomorphismus'),
(233, 'Hermite-Interpolation', 'Hermite-Interpolation'),
(234, 'Hermitesche Form', 'Hermitesche Form'),
(235, 'Hermite-Polynom', 'Hermite-Polynom'),
(236, 'natürliche Zahl', 'Natürliche Zahl'),
(237, 'effektiv', 'Effektiv'),
(238, 'Effizienz', 'Effizienz'),
(239, 'Jordansche Normalform', 'Jordansche Normalform'),
(240, 'Jordannormalform', 'Jordannormalform'),
(241, 'Jordansche Form', NULL),
(242, 'für alle', NULL),
(243, 'Aufgabe', 'Aufgabe'),
(244, 'Folgerung', 'Folgerung'),
(245, 'Gesetz', 'Gesetz'),
(246, 'Gesetze der großen Zahlen', NULL),
(247, 'Substitution', 'Substitution'),
(248, 'mit Nullen auffüllen', NULL),
(249, 'geschlossen (Differentialform)', NULL),
(250, 'abgeschlossen', 'Abgeschlossen'),
(251, 'abgeschlossene Menge', 'Abgeschlossene Menge'),
(252, 'Goldener Schnitt', 'Goldener Schnitt'),
(253, 'Integralzeichen', 'Integralzeichen'),
(254, 'Nenner', 'Nenner'),
(255, 'signifikante Stelle', 'Signifikante Stelle'),
(256, 'Ideal', 'Ideal'),
(257, 'identisch (adj.)', 'Identisch'),
(258, 'abzählbar', 'Abzählbar'),
(259, 'Subtraktion', 'Subtraktion'),
(260, 'messbar', 'Messbar'),
(261, 'Messraum', 'Messraum'),
(262, 'Abbildung', 'Abbildung'),
(263, 'isoliert', 'Isoliert'),
(264, 'isolierter Punkt', 'Isolierter Punkt'),
(265, 'isometrisch', 'Isometrisch'),
(266, 'Isometrie', 'Isometrie'),
(267, 'isomorph', 'Isomorph'),
(268, 'Isomorphismus', 'Isomorphismus'),
(269, 'isotrop', 'Isotrop'),
(270, 'gestreckter Winkel', NULL),
(271, 'konvex', 'Konvex'),
(272, 'konvexe Funktion', 'Konvexe Funktion'),
(273, 'überstumpfer Winkel', NULL),
(274, 'Untersuchung', 'Untersuchung'),
(275, 'Ausgabe', 'Ausgabe'),
(276, 'Berechnung', 'Berechnung'),
(277, 'Turing-berechenbar', NULL),
(278, 'imaginär', 'Imaginär'),
(279, 'Imaginärteil', 'Imaginärteil'),
(280, 'Implikation', 'Implikation'),
(281, 'Inversion', 'Inversion'),
(282, 'induktiv (adj.)', 'Induktiv'),
(283, 'Induktionsschritt', NULL),
(284, 'Induktion', 'Induktion'),
(285, 'injektiv', 'Injektiv'),
(286, 'Injektion', 'Injektion'),
(287, 'Integral', 'Integral'),
(288, 'Integralrechnung', 'Integralrechnung'),
(289, 'Integration', 'Integration'),
(290, 'partielle Integration', 'Partielle Integration'),
(291, 'integrierbar', 'Integrierbar'),
(292, 'Intervall', 'Intervall'),
(293, 'Interpolation', 'Interpolation'),
(294, 'Limes inferior', 'Limes inferior'),
(295, 'Infimum', 'Infimum'),
(296, 'Wendepunkt', 'Wendepunkt'),
(297, 'irrational', 'Irrational'),
(298, 'Irattionalität', NULL),
(299, 'irrationale Zahl', 'Irrationale Zahl'),
(300, 'wahr', 'Wahr'),
(301, 'Iterationsverfahren', 'Iterationsverfahren'),
(302, 'Iteration', 'Iteration'),
(303, 'kanonisch', 'Kanonisch'),
(304, 'Mächtigkeit', 'Mächtigkeit'),
(305, 'Kategorie', 'Kategorie'),
(306, 'Kathet', NULL),
(307, 'Quadrant', 'Quadrant'),
(308, 'Quadrat', 'Quadrat'),
(309, 'quadratisch', 'Quadratisch'),
(310, 'Quadratwurzel', 'Quadratwurzel'),
(311, 'quadratische Form', 'Quadratische Form'),
(312, 'Quadratur', 'Quadratur'),
(313, 'Quantor', 'Quantor'),
(314, 'Quaternion', 'Quaternion'),
(315, 'klassisch', 'Klassisch'),
(316, 'Kovarianz', 'Kovarianz'),
(317, 'Koeffizient', 'Koeffizient'),
(318, 'Spalte', 'Spalte'),
(319, 'Kombinatorik', 'Kombinatorik'),
(320, 'kompakt', 'Kompakt'),
(321, 'Kompaktheit', 'Kompaktheit'),
(322, 'komplex', 'Komplex'),
(323, 'Aufwand', 'Aufwand'),
(324, 'komplexe Zahl', 'Komplexe Zahl'),
(325, 'kommutativ', 'Kommutativ'),
(326, 'Kommutativgesetz', 'Kommutativgesetz'),
(327, 'Kegelschnitt', 'Kegelschnitt'),
(328, 'Konstante', 'Konstante'),
(329, 'konstant', 'Konstant'),
(330, 'Konstruktion', 'Konstruktion'),
(331, 'kontextsensitive Sprache', 'Kontextsensitive Sprache'),
(332, 'kontextsensitive Grammatik', 'Kontextsensitive Grammatik'),
(333, 'Kontinuum', 'Kontinuum'),
(334, 'Kegel', 'Kegel'),
(335, 'konzentrische Kreise', 'Konzentrische Kreise'),
(336, 'Konjunktive Normalform', 'Konjunktive Normalform'),
(337, 'Konjunktion', 'Konjunktion'),
(338, 'Koordinate', 'Koordinate'),
(339, 'Koordinatenachse', 'Koordinatenachse'),
(340, 'Koordinatensystem', 'Koordinatensystem'),
(341, 'Wurzel', 'Wurzel'),
(342, 'Nullstelle', 'Nullstelle'),
(343, 'Kosekans', 'Kosekans'),
(344, 'Cosekans', 'Cosekans'),
(345, 'Cosinus', 'Cosinus'),
(346, 'Kosinus', 'Kosinus'),
(347, 'Kotangens', 'Kotangens'),
(348, 'Cotangens', 'Cotangens'),
(349, 'endlich', 'Endlich'),
(350, 'Endpunkt', NULL),
(351, 'Kurve', 'Kurve'),
(352, 'Spline-Kurve', NULL),
(353, 'Kriterium (pl. Kriterien)', 'Kriterium'),
(354, 'kritisch', NULL),
(355, 'kritischer Punkt', 'Kritischer Punkt'),
(356, 'Wechselwinkel', 'Wechselwinkel'),
(357, 'Würfel', 'Würfel'),
(358, 'Lemma', 'Lemma'),
(359, 'linear', 'Linear'),
(360, 'lineare Algebra', 'Lineare Algebra'),
(361, 'lineare Abhängigkeit', 'Lineare Abhängigkeit'),
(362, 'Linearkombination', 'Linearkombination'),
(363, 'lineare Unabhängigkeit', 'Lineare Unabhängigkeit'),
(364, 'lineare Hülle', 'Lineare Hülle'),
(365, 'Linearform', 'Linearform'),
(366, 'linear abhängig', 'Linear abhängig'),
(367, 'lineare Abbildung', 'Lineare Abbildung'),
(368, 'linear unabhängig', 'Linear unabhängig'),
(369, 'lineare Optimierung', 'Lineare Optimierung'),
(370, 'Flächeninhalt', 'Flächeninhalt'),
(371, 'Fläche', 'Fläche'),
(372, 'Logarithmus', 'Logarithmus'),
(373, 'lokales Extremum', NULL),
(374, 'lokales Maximum', 'Lokales Maximum'),
(375, 'lokales Minimum', 'Lokales Minimum'),
(376, 'falsch', 'Falsch'),
(377, 'Strahl', 'Strahl'),
(378, 'linksseitig differenzierbar', NULL),
(379, 'linksstetig', NULL),
(380, 'maximales Ideal', 'Maximales Ideal'),
(381, 'Maximum', 'Maximum'),
(382, 'Markov-Kette', 'Markov-Kette'),
(383, 'Mathematik (Mathe)', 'Mathematik'),
(384, 'Matrix', 'Matrix'),
(385, 'Gramsche Matrix', 'Gramsche Matrix'),
(386, 'Maschinengenauigkeit', 'Maschinengenauigkeit'),
(387, 'Median', 'Median'),
(388, 'Seitenhalbierende', 'Seitenhalbierende'),
(389, 'Schwerpunkt', 'Schwerpunkt'),
(390, 'Verfahren', 'Verfahren'),
(391, 'Methode', 'Methode'),
(392, 'Gauß-Jordan-Verfahren', 'Gauß-Jordan-Verfahren'),
(393, 'Gauß-Seidel-Verfahren', 'Gauß-Seidel-Verfahren'),
(394, 'Methode der kleinsten Quadrate', 'Methode der kleinsten Quadrate'),
(395, 'Metrik', 'Metrik'),
(396, 'metrischer Raum', 'Metrischer Raum'),
(397, 'Minimalpolynom', 'Minimalpolynom'),
(398, 'Minimum', 'Minimum'),
(399, 'Minor', 'Minor'),
(400, 'Vieleck', 'Vieleck'),
(401, 'Menge', 'Menge'),
(402, 'Nullstellenmenge', NULL),
(403, 'Modell', 'Modell'),
(404, 'Monom', 'Monom'),
(405, 'Monomorphismus', 'Monomorphismus'),
(406, 'Monotonie', 'Monotonie'),
(407, 'Morphismus', 'Morphismus'),
(408, 'Maß', 'Maß'),
(409, 'über Null', NULL),
(410, 'größte untere Schranke', NULL),
(411, 'größter gemeinsamer Teiler (ggT)', 'Größter gemeinsamer Teiler'),
(412, 'kleinste obere Schranke', NULL),
(413, 'kleinstes gemeinsames Vielfaches (kgV)', 'Kleinstes gemeinsames Vielfaches'),
(414, 'fallend', NULL),
(415, 'gerichteter Graph', 'Gerichteter Graph'),
(416, 'natürlich (adj)', NULL),
(417, 'naturales Logarithmus', NULL),
(418, 'Startwert', 'Startwert'),
(419, 'nichtdeterministisch', NULL),
(420, 'nichtdeterministische endliche Automaten (NEA)', NULL),
(421, 'nichtdeterministischer endlicher Automat (NEA)', 'Nichtdeterministischer endlicher Automat'),
(422, 'überabzählbar', 'Überabzählbar'),
(423, 'nicht ausgeartet', NULL),
(424, 'nichtlineare Optimierung', NULL),
(425, 'notwendig', 'Notwendig'),
(426, 'indefinit', NULL),
(427, 'unbestimmtes Integral', 'Unbestimmtes Integral'),
(428, 'Unbestimmte', 'Unbestimmte'),
(429, 'nichtnegativ', NULL),
(430, 'stetig', 'Stetig'),
(431, 'stetige Funktion', 'Stetige Funktion'),
(432, 'Stetigkeit', 'Stetigkeit'),
(433, 'ungleich', 'Ungleich'),
(434, 'Ungleichung', 'Ungleichung'),
(435, 'Bernoullische Ungleichung', 'Bernoullische Ungleichung'),
(436, 'Dreiecksungleichung', 'Dreiecksungleichung'),
(437, 'unzerlegbar', NULL),
(438, 'unentscheidbar', NULL),
(439, 'uneigentliches Integral', 'Uneigentliches Integral'),
(440, 'instabil', 'Instabil'),
(441, 'Instabilität', 'Instabilität'),
(442, 'ungerade', NULL),
(443, 'Niveau', 'Niveau'),
(444, 'Zeichenkette', 'Zeichenkette'),
(445, 'ggT (größter gemeinsamer Teiler)', 'GgT'),
(446, 'kgV (kleinstes gemeinsames Vielfaches)', 'KgV'),
(447, 'Norm', 'Norm'),
(448, 'Normalform', 'Normalform'),
(449, 'Matrixnorm', 'Matrixnorm'),
(450, 'normierter Vektorraum', 'Normierter Vektorraum'),
(451, 'normierter Raum', 'Normierter Raum'),
(452, 'n-mal differenzierbar', NULL),
(453, 'Null', 'Null'),
(454, 'Nullfolge', 'Nullfolge'),
(455, 'Nullvektor', 'Nullvektor'),
(456, 'Nullelement', 'Nullelement'),
(457, 'Nullvektorraum', NULL),
(458, 'Nullwinkel', NULL),
(459, 'Vereinigung', 'Vereinigung'),
(460, 'Volumen', 'Volumen'),
(461, 'gewöhnliche Differentialgleichungen', 'Gewöhnliche Differentialgleichungen'),
(462, 'Gebiet', 'Gebiet'),
(463, 'Bild', 'Bild'),
(464, 'inverser Tensor', NULL),
(465, 'invertierbar', 'Invertierbar'),
(466, 'inverse Matrix', 'Inverse Matrix'),
(467, 'Inverse', 'Inverse'),
(468, 'Umkehrfunktion', 'Umkehrfunktion'),
(469, 'Arcusfunktionen', NULL),
(470, 'gemeinsames Vielfaches', NULL),
(471, 'gemeinsamer Nenner', 'Gemeinsamer Nenner'),
(472, 'beschränkt', 'Beschränkt'),
(473, 'Einschränkung', 'Einschränkung'),
(474, 'nach oben beschränkt', NULL),
(475, 'nach unten beschränkt', NULL),
(476, 'Umgebung', 'Umgebung'),
(477, 'Kreis', 'Kreis'),
(478, 'Oktaeder', 'Oktaeder'),
(479, 'Operator', 'Operator'),
(480, 'Umkreis', 'Umkreis'),
(481, 'definit', 'Definit'),
(482, 'bestimmtes Integral', 'Bestimmtes Integral'),
(483, 'Nullstellenbestimmung bei Polynomen', NULL),
(484, 'Optimierung', 'Optimierung'),
(485, 'Bahn', 'Bahn'),
(486, 'Ordinate', 'Ordinate'),
(487, 'Orientierung', 'Orientierung'),
(488, 'orientiert', NULL),
(489, 'orthogonal', 'Orthogonal'),
(490, 'orthogonale Gruppe', 'Orthogonale Gruppe'),
(491, 'orthogonale Matrix', 'Orthogonale Matrix'),
(492, 'orthogonale Vektoren', NULL),
(493, 'orthogonale Tensoren', NULL),
(494, 'orthogonale Menge', NULL),
(495, 'orthonormal', 'Orthonormal'),
(496, 'orthonormale Matrix', NULL),
(497, 'Orthonormalsystem', 'Orthonormalsystem'),
(498, 'Orthonormalbasis', 'Orthonormalbasis'),
(499, 'orthonormale Vektoren', NULL),
(500, 'orthonormale Funktionen', NULL),
(501, 'orthonormale Menge', NULL),
(502, 'Achse', 'Achse'),
(503, 'Rest', 'Rest'),
(504, 'spitzer Winkel', 'Spitzer Winkel'),
(505, 'offen', 'Offen'),
(506, 'separiert', 'Separiert'),
(507, 'relativ', 'Relativ'),
(508, 'Verhältnis', 'Verhältnis'),
(509, 'Punktspiegelung', 'Punktspiegelung'),
(510, 'Spiegelung', 'Spiegelung'),
(511, 'Negation', 'Negation'),
(512, 'negativ', 'Negativ'),
(513, 'negativ definit', 'Negativ definit'),
(514, 'Erwartungswert', 'Erwartungswert'),
(515, 'Parabel', 'Parabel'),
(516, 'Parallelflächner', NULL),
(517, 'Parallelepiped', 'Parallelepiped'),
(518, 'Parametrisierung', 'Parametrisierung'),
(519, 'Parameter', 'Parameter'),
(520, 'Fünfeck', 'Fünfeck'),
(521, 'Pentagramm', 'Pentagramm'),
(522, 'Periode', 'Periode'),
(523, 'periodisch', 'Periodisch'),
(524, 'periodischer Dezimalbruch', NULL),
(525, 'Schwingungsdauer', 'Schwingungsdauer'),
(526, 'Permutation', 'Permutation'),
(527, 'Senkrechte', 'Senkrechte'),
(528, 'Lot', 'Lot'),
(529, 'senkrecht', 'Senkrecht'),
(530, 'Perspektive', 'Perspektive'),
(531, 'Pyramide', 'Pyramide'),
(532, 'potenzieren', 'Potenzieren'),
(533, 'Verlauf (einer Funktion, eines Graphen)', NULL),
(534, 'Oberfläche', 'Oberfläche'),
(535, 'größer als', NULL),
(536, 'Subbasis', 'Subbasis'),
(537, 'Untergruppe', 'Untergruppe'),
(538, 'Teilmenge', 'Teilmenge'),
(539, 'unter Null', 'Unter Null'),
(540, 'ähnlich', 'Ähnlich'),
(541, 'ähnliche Matrizen', NULL),
(542, 'Ähnlichkeit', 'Ähnlichkeit'),
(543, 'Unterraum', 'Unterraum'),
(544, 'Teilraum', 'Teilraum'),
(545, 'angeordnet', NULL),
(546, 'geordnetes Paar', 'Geordnetes Paar'),
(547, 'angeordnete Menge', NULL),
(548, 'angeordneter Körper', 'Angeordneter Körper'),
(549, 'Teilfolge', 'Teilfolge'),
(550, 'Unterring', 'Unterring'),
(551, 'Körper', 'Körper'),
(552, 'ganzrationale Funktion', 'Ganzrationale Funktion'),
(553, 'Bernoulli-Polynom', 'Bernoulli-Polynom'),
(554, 'positiv', 'Positiv'),
(555, 'positiv definit', 'Positiv definit'),
(556, 'halbstetig', 'Halbstetig'),
(557, 'Halbkreis', 'Halbkreis'),
(558, 'halboffen', NULL),
(559, 'Halbgerade', 'Halbgerade'),
(560, 'Halbraum', 'Halbraum'),
(561, 'Halbebene', 'Halbebene'),
(562, 'kleiner als', NULL),
(563, 'Erzeugendensystem', 'Erzeugendensystem'),
(564, 'erzeugende Funktion', 'Erzeugende Funktion'),
(565, 'fast überall', 'Fast überall'),
(566, 'Gerade', 'Gerade'),
(567, 'regelmäßig', 'Regelmäßig'),
(568, 'regelmäßiges Vieleck', 'Regelmäßiges Vieleck'),
(569, 'echter Bruch', 'Echter Bruch'),
(570, 'Regel', 'Regel'),
(571, 'rechtwinklig', 'Rechtwinklig'),
(572, 'rechtwinkliges Dreieck', 'Rechtwinkliges Dreieck'),
(573, 'Rechteck', 'Rechteck'),
(574, 'rechter Winkel', 'Rechter Winkel'),
(575, 'Nullmenge', 'Nullmenge'),
(576, 'leere Menge', 'Leere Menge'),
(577, 'Umordnung (von Reihen)', 'Umordnung'),
(578, 'Basiswechsel', 'Basiswechsel'),
(579, 'Umorientierung', NULL),
(580, 'Kegelstumpf', 'Kegelstumpf'),
(581, 'Schnittpunkt', 'Schnittpunkt'),
(582, 'Schnittlinie', NULL),
(583, 'Anwendung', 'Anwendung'),
(584, 'angewandte Mathematik', 'Angewandte Mathematik'),
(585, 'Stammfunktion', 'Stammfunktion'),
(586, 'Zuweisung', 'Zuweisung'),
(587, 'Programm', 'Programm'),
(588, 'Programmierung', 'Programmierung'),
(589, 'Projektion', 'Projektion'),
(590, 'Produkt', 'Produkt'),
(591, 'Ableitung', 'Ableitung'),
(592, 'beliebig', NULL),
(593, 'Ursprung', 'Ursprung'),
(594, 'proportional', 'Proportional'),
(595, 'Primzahl', 'Primzahl'),
(596, 'Raum', 'Raum'),
(597, 'Widerspruch', 'Widerspruch'),
(598, 'Prozedur', 'Prozedur'),
(599, 'Kreisring', 'Kreisring'),
(600, 'Ring', 'Ring'),
(601, 'punktiert', 'Punktiert'),
(602, 'Vollwinkel', 'Vollwinkel'),
(603, 'Urbild', 'Urbild'),
(604, 'Pfad', 'Pfad'),
(605, 'Weg', 'Weg'),
(606, 'gleich', 'Gleich'),
(607, 'Ebene', 'Ebene'),
(608, 'gleichschenkliges Dreieck', 'Gleichschenkliges Dreieck'),
(609, 'gleichmäßig stetig', 'Gleichmäßig stetig'),
(610, 'gleichseitiges Dreieck', 'Gleichseitiges Dreieck'),
(611, 'Radiant', 'Radiant'),
(612, 'Radius (pl. Radien)', 'Radius'),
(613, 'Halbmesser', 'Halbmesser'),
(614, 'Entwicklung', 'Entwicklung'),
(615, 'faktorisieren', NULL),
(616, 'Zerlegung', 'Zerlegung'),
(617, 'Differenz', 'Differenz'),
(618, 'zerlegbar', NULL),
(619, 'Dimension', 'Dimension'),
(620, 'Spaltenvertauschung', NULL),
(621, 'ungleichseitiges Dreieck', NULL),
(622, 'entscheidbar', 'Entscheidbar'),
(623, 'Distanz', 'Distanz'),
(624, 'Abstand', 'Abstand'),
(625, 'Divergenz', 'Divergenz'),
(626, 'divergent', 'Divergent'),
(627, 'erweiterte Matrix', NULL),
(628, 'Rang', 'Rang'),
(629, 'Rang eines Tensors', NULL),
(630, 'rational', 'Rational'),
(631, 'gebrochenrationale Funktion', 'Gebrochenrationale Funktion'),
(632, 'rationale Zahl', 'Rationale Zahl'),
(633, 'reell', 'Reell'),
(634, 'Zahlengerade', 'Zahlengerade'),
(635, 'Realteil', 'Realteil'),
(636, 'reelle Zahl', 'Reelle Zahl'),
(637, 'Kante', 'Kante'),
(638, 'regulärer Ausdruck', 'Regulärer Ausdruck'),
(639, 'Zeile', 'Zeile'),
(640, 'Reihe', 'Reihe'),
(641, 'Ordnung', 'Ordnung'),
(642, 'Folge', 'Folge'),
(643, 'Cauchyfolge', 'Cauchyfolge'),
(644, 'Taylorreihe', 'Taylorreihe'),
(645, 'Fourierreihe', 'Fourierreihe'),
(646, 'rekursiv', 'Rekursiv'),
(647, 'rekursiv abzählbar', ''),
(648, 'Rekursion', 'Rekursion'),
(649, 'Relation', 'Relation'),
(650, 'Äquivalenzrelation', 'Äquivalenzrelation'),
(651, 'reflexiv', 'Reflexiv'),
(652, 'Reziprokes', NULL),
(653, 'Kehrwert', 'Kehrwert'),
(654, 'Lösung', 'Lösung'),
(655, 'lösbar', NULL),
(656, 'auflösbar', 'Auflösbar'),
(657, 'römische Ziffern', 'Römische Ziffern'),
(658, 'Raute', 'Raute'),
(659, 'Parallelogramm', 'Parallelogramm'),
(660, 'Rotation', 'Rotation'),
(661, 'Drehung', 'Drehung'),
(662, 'frei (Gruppe, Modul)', 'Frei'),
(663, 'Eigenschaft', 'Eigenschaft'),
(664, 'Kugelabschnitt', 'Kugelabschnitt'),
(665, 'Kreisabschnitt', 'Kreisabschnitt'),
(666, 'Sekans', 'Sekans'),
(667, 'Kreisauschnitt', NULL),
(668, 'Familie', 'Familie'),
(669, 'Schnittmenge', 'Schnittmenge'),
(670, 'Signatur', 'Signatur'),
(671, 'Signum', 'Signum'),
(672, 'symmetrisch', 'Symmetrisch'),
(673, 'symmetrisches Polynom', 'Symmetrisches Polynom'),
(674, 'symmetrischer Tensor', NULL),
(675, 'symmetrische Bilinearform', NULL),
(676, 'symmetrische Gruppe', 'Symmetrische Gruppe'),
(677, 'symmetrische Matrix', 'Symmetrische Matrix'),
(678, 'symmetrische Figur', NULL),
(679, 'Sinus', 'Sinus'),
(680, 'System', 'System'),
(681, 'lineares Gleichungssystem', 'Lineares Gleichungssystem'),
(682, 'Gleichungssystem', 'Gleichungssystem'),
(683, 'Skalar', 'Skalar'),
(684, 'skalar', 'Skalar'),
(685, 'Skalarprodukt', 'Skalarprodukt'),
(686, 'Klammer', 'Klammer'),
(687, 'Gauß-Klammern', NULL),
(688, 'Spur eines Tensors', NULL),
(689, 'folglich', NULL),
(690, 'Zufallsvariable (ZV)', 'Zufallsvariable'),
(691, 'Fließkommaarithmetik', 'Fließkommaarithmetik'),
(692, 'Eigenwert', 'Eigenwert'),
(693, 'Eigenvektor', 'Eigenvektor'),
(694, 'Eigenraum', 'Eigenraum'),
(695, 'Sonderfall', NULL),
(696, 'spezielle orthogonale Gruppe', 'Spezielle orthogonale Gruppe'),
(697, 'spezielle orthogonale Matrix', NULL),
(698, 'Spirale', 'Spirale'),
(699, 'Schraubenlinie', 'Schraubenlinie'),
(700, 'konjugieren', 'Konjugieren'),
(701, 'Konjugation', 'Konjugation'),
(702, 'Vergleich', 'Vergleich'),
(703, 'reellwertig', 'Reellwertig'),
(704, 'Zwischenwert', 'Zwischenwert'),
(705, 'Mittelpunkt', 'Mittelpunkt'),
(706, 'Gegenuhrzeigersinn', 'Gegenuhrzeigersinn'),
(707, 'Exponent', 'Exponent'),
(708, 'Freiheitsgrad', 'Freiheitsgrad'),
(709, 'Stochastik', 'Stochastik'),
(710, 'Seite', 'Seite'),
(711, 'streng monoton fallend', NULL),
(712, 'streng monoton wachsend', NULL),
(713, 'Struktur', 'Struktur'),
(714, 'Summe', 'Summe'),
(715, 'Summierung', 'Summierung'),
(716, 'Superposition', 'Superposition'),
(717, 'Supremum', 'Supremum'),
(718, 'Limes superior', 'Limes superior'),
(719, 'Sphäre', 'Sphäre'),
(720, 'Kugel', 'Kugel'),
(721, 'Konvergenz', 'Konvergenz'),
(722, 'konvergent', 'Konvergent'),
(723, 'Summand', 'Summand'),
(724, 'Addition', 'Addition'),
(725, 'Ereignis', 'Ereignis'),
(726, 'kürzen', 'Kürzen'),
(727, 'Stufenwinkel', 'Stufenwinkel'),
(728, 'Nachbarwinkel', 'Nachbarwinkel'),
(729, 'Nebenwinkel', 'Nebenwinkel'),
(730, 'Zustand', 'Zustand'),
(731, 'surjektiv', 'Surjektiv'),
(732, 'Surjektion', 'Surjektion'),
(733, 'Wahrheitstabelle', 'Wahrheitstabelle'),
(734, 'Übergangstabelle', NULL),
(735, 'Tangens', 'Tangens'),
(736, 'Tangente', 'Tangente'),
(737, 'Berührungslinie', NULL),
(738, 'Teleskopreihe', 'Teleskopreihe'),
(739, 'Teleskopsumme', 'Teleskopsumme'),
(740, 'Tensor', 'Tensor'),
(741, 'Tensoralgebra', 'Tensoralgebra'),
(742, 'Tensorprodukt', 'Tensorprodukt'),
(743, 'Satz', 'Satz'),
(744, 'Satz des Pythagoras', 'Satz des Pythagoras'),
(745, 'Grenzwertsätze', 'Grenzwertsätze'),
(746, 'Theorie', 'Theorie'),
(747, 'Galois-Theorie', 'Galois-Theorie'),
(748, 'Graphentheorie', 'Graphentheorie'),
(749, 'Spieltheorie', 'Spieltheorie'),
(750, 'Testfunktion', 'Testfunktion'),
(751, 'Tetraeder', 'Tetraeder'),
(752, 'genau dann wenn', 'Genau dann wenn'),
(753, 'Ball', 'Ball'),
(754, 'topologischer Vektorraum', 'Topologischer Vektorraum'),
(755, 'topologischer Raum', 'Topologischer Raum'),
(756, 'Topologie', 'Topologie'),
(757, 'Torus', 'Torus'),
(758, 'Punkt', 'Punkt'),
(759, 'Häufungspunkt', 'Häufungspunkt'),
(760, 'transitiv', 'Transitiv'),
(761, 'Transponierte', 'Transponierte'),
(762, 'transponierter Tensor', NULL),
(763, 'transzendent', 'Transzendent'),
(764, 'transzendente Zahl', 'Transzendente Zahl'),
(765, 'Trapez', 'Trapez'),
(766, 'trigonometrisch', NULL),
(767, 'Winkelfunktion', 'Winkelfunktion'),
(768, 'trigonometrische Funktionen', 'Trigonometrische Funktionen'),
(769, 'Kreisfunktionen', NULL),
(770, 'Trigonometrie', 'Trigonometrie'),
(771, 'Tridiagonalmatrix', 'Tridiagonalmatrix'),
(772, 'Dreieck', 'Dreieck'),
(773, 'Pascalsches Dreieck', 'Pascalsches Dreieck'),
(774, 'stumpfer Winkel', 'Stumpfer Winkel'),
(775, 'wachsend', 'Wachsend'),
(776, 'multiplizieren', 'Multiplizieren'),
(777, 'Multiplikation', 'Multiplikation'),
(778, 'Eindeutigkeit', 'Eindeutigkeit'),
(779, 'unitärer Endomorphismus', NULL),
(780, 'unitärer Operator', 'Unitärer Operator'),
(781, 'unitäre Gruppe', 'Unitäre Gruppe'),
(782, 'unitäre Matrix', 'Unitäre Matrix'),
(783, 'unitärer Vektorraum', 'Unitärer Vektorraum'),
(784, 'Gleichung', 'Gleichung'),
(785, 'Bedingung', 'Bedingung'),
(786, 'bedingt positiv definit', NULL),
(787, 'parallel', 'Parallel'),
(788, 'parallele Geraden', NULL),
(789, 'Fakultät', 'Fakultät'),
(790, 'Filter', 'Filter'),
(791, 'formale Sprache', 'Formale Sprache'),
(792, 'Formel', 'Formel'),
(793, 'fundamental', 'Fundamental'),
(794, 'Funktor', 'Funktor'),
(795, 'Funktional', 'Funktional'),
(796, 'Funktion', 'Funktion'),
(797, 'Übergangsfunktion', 'Übergangsfunktion'),
(798, 'Chaos', 'Chaos'),
(799, 'Charakteristik', 'Charakteristik'),
(800, 'charakteristisch', NULL),
(801, 'charakteristisches Polynom', 'Charakteristisches Polynom'),
(802, 'charakteristische Matrix', NULL),
(803, 'charakteristische Funktion', 'Charakteristische Funktion'),
(804, 'charakteristischen Gleichung', NULL),
(805, 'harmonisch', 'Harmonisch'),
(806, 'harmonische Reihe', 'Harmonische Reihe'),
(807, 'harmonische Funktion', 'Harmonische Funktion'),
(808, 'Sechseck', 'Sechseck'),
(809, 'Hexagramm', 'Hexagramm'),
(810, 'Hyperbel', 'Hyperbel'),
(811, 'hyperbolisch', NULL),
(812, 'Hyperebene', 'Hyperebene'),
(813, 'Hypothese', 'Hypothese'),
(814, 'Hypotenuse', 'Hypotenuse'),
(815, 'Hypozykloide', 'Hypozykloide'),
(816, 'linienflüchtiger Vektor', NULL),
(817, 'Homöomorphismus', 'Homöomorphismus'),
(818, 'homogen', 'Homogen'),
(819, 'homogenes Polynom', 'Homogenes Polynom'),
(820, 'homogenes Gleichungssystem', 'Homogenes Gleichungssystem'),
(821, 'homogene Koordinaten', 'Homogene Koordinaten'),
(822, 'homomorph', 'Homomorph'),
(823, 'Sehne', 'Sehne'),
(824, 'Mittelpunktswinkel', 'Mittelpunktswinkel'),
(825, 'Zentrum', 'Zentrum'),
(826, 'zyklische Gruppe', 'Zyklische Gruppe'),
(827, 'Zykloide', 'Zykloide'),
(828, 'Zyklus', 'Zyklus'),
(829, 'Zylinder', 'Zylinder'),
(830, 'Ziffer', 'Ziffer'),
(831, 'Digitalrechner', 'Digitalrechner'),
(832, 'ganze Funktion', 'Ganze Funktion'),
(833, 'ganze Zahl', 'Ganze Zahl'),
(834, 'partiell', 'Partiell'),
(835, 'partielle Ableitung', 'Partielle Ableitung'),
(836, 'Partialsumme', 'Partialsumme'),
(837, 'Teilsumme', NULL),
(838, 'partiell differenzierbar', NULL),
(839, 'Quotient', 'Quotient'),
(840, 'Viereck', 'Viereck'),
(841, 'gerade Permutation', NULL),
(842, 'gerade Funktion', 'Gerade Funktion'),
(843, 'gerade Zahl', 'Gerade Zahl'),
(844, 'Zähler', 'Zähler'),
(845, 'Zahl', 'Zahl'),
(846, 'numerisch', 'Numerisch'),
(847, 'Bernoulli-Zahl', 'Bernoulli-Zahl'),
(848, 'Gaußsche Zahl', 'Gaußsche Zahl'),
(849, 'Gleitkommazahl', 'Gleitkommazahl'),
(850, 'Fließkommazahl', 'Fließkommazahl'),
(851, 'Term', 'Term'),
(852, 'Winkelhalbierende', 'Winkelhalbierende'),
(853, 'Winkel', 'Winkel'),
(854, 'Kern', 'Kern'),
(855, 'abgeschlossene Abbildung', NULL),
(856, 'abgeschlossene Hülle', 'Abgeschlossene Hülle'),
(857, 'abgeschlossene Zahlengerade', NULL),
(858, 'Abschätzung', 'Abschätzung'),
(859, 'Abschluß', 'Abschluß'),
(860, 'abstossender Fixpunkt', NULL),
(861, 'abzählbar unendlich', 'Abzählbar unendlich'),
(862, 'Abzählbarkeitsaxiom', 'Abzählbarkeitsaxiom'),
(863, 'adisch', NULL),
(864, 'Adjazenzmatrix', 'Adjazenzmatrix'),
(865, 'adjungierte Abbildung', 'Adjungierte Abbildung'),
(866, 'adjungierte Gleichung', NULL),
(867, 'adjungierter Operator', 'Adjungierter Operator'),
(868, 'Adjunkte', 'Adjunkte'),
(869, 'Alexandroff-Kompaktifizierung', 'Alexandroff-Kompaktifizierung'),
(870, 'algebraische Körpererweiterung', 'Algebraische Körpererweiterung'),
(871, 'allgemein', 'Allgemein'),
(872, 'allgemeine lineare Gruppe', 'Allgemeine lineare Gruppe'),
(873, 'Allquantor', 'Allquantor'),
(874, 'Alternantensatz', NULL),
(875, 'alternierende Gruppe', 'Alternierende Gruppe'),
(876, 'alternierender Tensor', NULL),
(877, 'Anfangswertproblem', 'Anfangswertproblem'),
(878, 'Annullator', 'Annullator'),
(879, 'Anordnungsaxiom', 'Anordnungsaxiom'),
(880, 'antiholomorph', NULL),
(881, 'anziehender Fixpunkt', NULL),
(882, 'äquidistant', 'Äquidistant'),
(883, 'äquidistante Projektion', NULL),
(884, 'Äquilibrierung', 'Äquilibrierung'),
(885, 'äquivalent (Matrizen)', 'Äquivalent'),
(886, 'Äquivalenz', 'Äquivalenz'),
(887, 'Äquivalenzklasse', 'Äquivalenzklasse'),
(888, 'Areacosekans (hyperbolicus)', NULL),
(889, 'Areacosinus (hyperbolicus)', NULL),
(890, 'Areacotangens (hyperbolicus)', NULL),
(891, 'Areafunktionen', NULL),
(892, 'Areakosekans (hyperbolicus)', NULL),
(893, 'Areakosinus (hyperbolicus)', NULL),
(894, 'Areakotangens (hyperbolicus)', NULL),
(895, 'Areasekans (hyperbolicus)', NULL),
(896, 'Areasinus (hyperbolicus)', NULL),
(897, 'Areatangens (hyperbolicus)', NULL),
(898, 'Argand-Diagramm', NULL),
(899, 'artinischer Modul', NULL),
(900, 'asymptotisch', 'Asymptotisch'),
(901, 'atomar', 'Atomar'),
(902, 'aufeinanderfolgend', NULL),
(903, 'aufeinanderfolgende Knoten', NULL),
(904, 'äußere Ableitung', 'Äußere Ableitung'),
(905, 'äußere Algebra', 'Äußere Algebra'),
(906, 'Ausgleichsrechnung', 'Ausgleichsrechnung'),
(907, 'Auslöschung', 'Auslöschung'),
(908, 'Aussage', 'Aussage'),
(909, 'Auswahlaxiom', 'Auswahlaxiom'),
(910, 'Banachraum', 'Banachraum'),
(911, 'Banachscher Fixpunktsatz', 'Banachscher Fixpunktsatz'),
(912, 'Bandmatrix', 'Bandmatrix'),
(913, 'baryzentrische Koordinaten', 'Baryzentrische Koordinaten'),
(914, 'Basiswinkel', NULL),
(915, 'bedingt konvergent', 'Bedingt konvergent'),
(916, 'bedingte Wahrscheinlichkeit', 'Bedingte Wahrscheinlichkeit'),
(917, 'begleitendes Dreibein', 'Begleitendes Dreibein'),
(918, 'Behauptung', 'Behauptung'),
(919, 'Bereichsschätzung', NULL),
(920, 'Bernstein-Polynom', 'Bernstein-Polynom'),
(921, 'Bewertung', 'Bewertung'),
(922, 'Bezier-Kurve', 'Bezier-Kurve'),
(923, 'Bidual eines Moduls', NULL),
(924, 'Bidual eines Vektorraumes', NULL),
(925, 'biholomorph', 'Biholomorph'),
(926, 'Bildbereich', 'Bildbereich'),
(927, 'Bildmenge', 'Bildmenge'),
(928, 'Binärentwicklung', NULL),
(929, 'Binomialkoeffizient (n über k)', 'Binomialkoeffizient'),
(930, 'Binomialverteilung', 'Binomialverteilung'),
(931, 'binomischer Lehrsatz', 'Binomischer Lehrsatz'),
(932, 'Binormalvektor', NULL),
(933, 'bipartiter Graph', 'Bipartiter Graph'),
(934, 'Bisektionsverfahren', 'Bisektionsverfahren'),
(935, 'Bogenlänge', 'Bogenlänge'),
(936, 'bogenweise zusammenhängend', NULL),
(937, 'Brennpunkt', 'Brennpunkt'),
(938, 'Cantorsches Diagonalisierungsverfahren', NULL),
(939, 'Cantorsches Diagonalverfahren', 'Cantorsches Diagonalverfahren'),
(940, 'Cantorsches Diskontinuum', 'Cantorsches Diskontinuum'),
(941, 'Cauchy-Produkt', 'Cauchy-Produkt'),
(942, 'Cauchy-Riemannsche Differentialgleichungen', 'Cauchy-Riemannsche Differentialgleichungen'),
(943, 'Charakter', 'Charakter'),
(944, 'charakteristische Invariante', NULL),
(945, 'Chi-Quadrat-Verteilung', 'Chi-Quadrat-Verteilung'),
(946, 'Chinesischer Restsatz', 'Chinesischer Restsatz'),
(947, 'Chiquadrat', 'Chiquadrat'),
(948, 'Cholesky-Verfahren', 'Cholesky-Verfahren'),
(949, 'Cholesky-Zerlegung', 'Cholesky-Zerlegung'),
(950, 'Cosekans hyperbolicus', NULL),
(951, 'Cosinus hyperbolicus', 'Cosinus hyperbolicus'),
(952, 'Cosinussatz', 'Cosinussatz'),
(953, 'Cotangens hyperbolicus', 'Cotangens hyperbolicus'),
(954, 'Cramersche Regel', 'Cramersche Regel'),
(955, 'Dämpfung', 'Dämpfung'),
(956, 'datenabhängig', NULL),
(957, 'Dedekindscher Schnitt', 'Dedekindscher Schnitt'),
(958, 'Deflation', 'Deflation'),
(959, 'Dekrement', 'Dekrement'),
(960, 'Delaunay Triangulation', NULL),
(961, 'Deutung', 'Deutung'),
(962, 'Dezimalentwicklung', NULL),
(963, 'Dezimalstelle', 'Dezimalstelle'),
(964, 'diagonaldominant', 'Diagonaldominant'),
(965, 'diagonalisierbar', 'Diagonalisierbar'),
(966, 'Diagonalisierungsverfahren von Cantor', NULL),
(967, 'Diagonalverfahren von Cantor', NULL),
(968, 'dicht', 'Dicht'),
(969, 'Dichte', 'Dichte'),
(970, 'Dichtefunktion', 'Dichtefunktion'),
(971, 'Diedergruppe', 'Diedergruppe'),
(972, 'Diffeomorphismus', 'Diffeomorphismus'),
(973, 'Differentialform', 'Differentialform'),
(974, 'Differentialrechnung', 'Differentialrechnung'),
(975, 'Differenzenquotient', 'Differenzenquotient'),
(976, 'Differenzenschema', NULL),
(977, 'Differenzialform', NULL),
(978, 'Differenzialoperator', 'Differenzialoperator'),
(979, 'differenzierbare Mannigfaltigkeit', 'Differenzierbare Mannigfaltigkeit'),
(980, 'Dimensionsformel', 'Dimensionsformel'),
(981, 'Dirac-Maß', 'Dirac-Maß'),
(982, 'direktes Produkt', 'Direktes Produkt'),
(983, 'disjunkt', 'Disjunkt'),
(984, 'disjunkte Ereignisse', NULL),
(985, 'Diskontinuum', NULL),
(986, 'diskrete Fouriertransformation', 'Diskrete Fouriertransformation'),
(987, 'Diskretisierung', 'Diskretisierung'),
(988, 'Divisionsalgebra', 'Divisionsalgebra'),
(989, 'Divisor (Teiler des Bruches)', 'Divisor'),
(990, 'dominierte Konvergenz', NULL),
(991, 'Doppelreihe', NULL),
(992, 'Doppelverhältnis', 'Doppelverhältnis'),
(993, 'Drehachse', 'Drehachse'),
(994, 'Drehebene', NULL),
(995, 'Drehstreckung', 'Drehstreckung'),
(996, 'Drehwinkel', 'Drehwinkel'),
(997, 'Dreiecksmatrix', 'Dreiecksmatrix'),
(998, 'Dreieckszerlegung (von Matrizen)', 'Dreieckszerlegung'),
(999, 'dreifach', 'Dreifach'),
(1000, 'Dreisatz', 'Dreisatz'),
(1001, 'dualer Modul', NULL),
(1002, 'Dualität', 'Dualität'),
(1003, 'Dualitätsprinzip', NULL),
(1004, 'Dualsystem', 'Dualsystem'),
(1005, 'Durchschnitt (von Mengen)', 'Durchschnitt'),
(1006, 'dyadischer Bruch', NULL),
(1007, 'eckige Klammer', 'Eckige Klammer'),
(1008, 'Eigenfrequenz', 'Eigenfrequenz'),
(1009, 'eigentliche Abbildung', NULL),
(1010, 'Eigenwertproblem', 'Eigenwertproblem'),
(1011, 'Eikurve', 'Eikurve'),
(1012, 'Eilinie', 'Eilinie'),
(1013, 'eindimensionale Verteilung', NULL),
(1014, 'einfach (Körpererweiterung, Gruppe, Modul)', 'Einfach'),
(1015, 'einfach zusammenhängend', 'Einfach zusammenhängend'),
(1016, 'einfache Hypothese', NULL),
(1017, 'eingeschlossener Winkel', NULL),
(1018, 'Einheit (E)', 'Einheit'),
(1019, 'Einheitsmatrix (E)', 'Einheitsmatrix'),
(1020, 'Einheitsvektor', 'Einheitsvektor'),
(1021, 'Einheitswurzel', 'Einheitswurzel'),
(1022, 'Einhüllende', 'Einhüllende'),
(1023, 'Einpunktkompaktifizierung', 'Einpunktkompaktifizierung'),
(1024, 'Einschrittverfahren', 'Einschrittverfahren'),
(1025, 'einseitig', NULL),
(1026, 'einseitiger Grenzwert', NULL),
(1027, 'einspringender Winkel', NULL),
(1028, 'Eintrag', 'Eintrag'),
(1029, 'Einzelschrittverfahren', 'Einzelschrittverfahren'),
(1030, 'Elementarfilter', NULL),
(1031, 'elementarsymmetrisches Polynom', 'Elementarsymmetrisches Polynom'),
(1032, 'Elementarteiler', NULL),
(1033, 'Elimination', 'Elimination'),
(1034, 'Eliminationsverfahren', NULL),
(1035, 'empirische Varianz', 'Empirische Varianz'),
(1036, 'endlich erzeugt', 'Endlich erzeugt'),
(1037, 'endlich-dimensional', NULL),
(1038, 'endliche Teilüberdeckung', NULL),
(1039, 'entscheidend', NULL),
(1040, 'Entscheidungsproblem', 'Entscheidungsproblem'),
(1041, 'Epimorphismus', 'Epimorphismus'),
(1042, 'Epizykloide', 'Epizykloide'),
(1043, 'Ergänzung', NULL),
(1044, 'Ergodensatz', 'Ergodensatz'),
(1045, 'Ergodentheorie', 'Ergodentheorie'),
(1046, 'Erreichbarkeit', 'Erreichbarkeit'),
(1047, 'erwartungstreu', 'Erwartungstreu'),
(1048, 'erzeugende Gramatik', NULL),
(1049, 'Eulersche Knicklast', NULL),
(1050, 'Eulersche Phi-Funktion', 'Eulersche Phi-Funktion'),
(1051, 'Evolute', 'Evolute'),
(1052, 'Evolvente', 'Evolvente'),
(1053, 'exakte Differentialform', NULL),
(1054, 'Existenz', 'Existenz'),
(1055, 'Existenzquantor', 'Existenzquantor'),
(1056, 'explizit', 'Explizit'),
(1057, 'Exponentialreihe', 'Exponentialreihe'),
(1058, 'Exponentialverteilung', 'Exponentialverteilung'),
(1059, 'Extremum mit Nebenbedingungen', NULL),
(1060, 'Extremum unter Nebenbedingungen', NULL),
(1061, 'Fahne', 'Fahne'),
(1062, 'Faktor', 'Faktor'),
(1063, 'Faktorgruppe', 'Faktorgruppe'),
(1064, 'faktorieller Ring (ZPE-Ring)', 'Faktorieller Ring'),
(1065, 'Faktormodul', 'Faktormodul'),
(1066, 'Faktorring', 'Faktorring'),
(1067, 'Faltung', 'Faltung'),
(1068, 'Faser', 'Faser'),
(1069, 'Fehlerabschätzung', NULL),
(1070, 'Fehleranalyse', 'Fehleranalyse'),
(1071, 'Fehlergesetz', NULL),
(1072, 'Fehlerschranke', 'Fehlerschranke'),
(1073, 'Festkommaarithmetik', 'Festkommaarithmetik'),
(1074, 'Festkommadarstellung', NULL),
(1075, 'Festkommazahl', 'Festkommazahl'),
(1076, 'Feuerbachscher Kreis', NULL),
(1077, 'Filterbasis', NULL),
(1078, 'Finaltopologie', 'Finaltopologie'),
(1079, 'Finite-Differenzen-Verfahren', 'Finite-Differenzen-Verfahren'),
(1080, 'Finite-Elemente-Methode', 'Finite-Elemente-Methode'),
(1081, 'Fixpunkt', 'Fixpunkt'),
(1082, 'Fixpunktsatz', 'Fixpunktsatz'),
(1083, 'Flächenintegral', 'Flächenintegral'),
(1084, 'formale Potenzreihe', 'Formale Potenzreihe'),
(1085, 'Fortsetzungsmethode', NULL),
(1086, 'Fortsetzungssatz von Tietze-Urysohn', NULL),
(1087, 'Fouriertransformation', 'Fouriertransformation'),
(1088, 'Fraktil', 'Fraktil'),
(1089, 'frei-abelsche Gruppe', NULL),
(1090, 'Frenetsches Dreibein', 'Frenetsches Dreibein'),
(1091, 'Frobenius-Norm', 'Frobenius-Norm'),
(1092, 'Fundamentalform', NULL),
(1093, 'Fundamentalgruppe', 'Fundamentalgruppe'),
(1094, 'Fundamentalsatz der Algebra', 'Fundamentalsatz der Algebra'),
(1095, 'Fundamentalsatz der Differential- und Integralrechnung', 'Fundamentalsatz der Differential- und Integralrechnung'),
(1096, 'Funktionalmatrix', 'Funktionalmatrix'),
(1097, 'Funktionskeim', NULL),
(1098, 'Fusspunktkurve', NULL),
(1099, 'Gauß-Elimination', 'Gauß-Elimination'),
(1100, 'Gauß-Quadratur', 'Gauß-Quadratur'),
(1101, 'Gauß-Verteilung', 'Gauß-Verteilung'),
(1102, 'Gaußglocke', 'Gaußglocke'),
(1103, 'Gaußsches Eliminationsverfahren', 'Gaußsches Eliminationsverfahren'),
(1104, 'gebrochen lineare Transformation', NULL),
(1105, 'gebundener Vektor', 'Gebundener Vektor'),
(1106, 'Gegenbeispiel', 'Gegenbeispiel'),
(1107, 'gemeinsame Verteilung', NULL),
(1108, 'Genauigkeit', 'Genauigkeit'),
(1109, 'Geometrie', 'Geometrie'),
(1110, 'geometrisch (adj.)', 'Geometrisch'),
(1111, 'geometrische Reihe', 'Geometrische Reihe'),
(1112, 'geometrische Verteilung', 'Geometrische Verteilung'),
(1113, 'geometrischeKontraktion', NULL),
(1114, 'geordnet', 'Geordnet'),
(1115, 'Gesamtschrittverfahren', 'Gesamtschrittverfahren'),
(1116, 'Givens-Rotation', 'Givens-Rotation'),
(1117, 'glatt', 'Glatt'),
(1118, 'gleichgradig stetig', 'Gleichgradig stetig'),
(1119, 'gleichmächtig', 'Gleichmächtig'),
(1120, 'gleichmäßig bester Test', NULL),
(1121, 'gleichmäßige Konvergenz', 'Gleichmäßige Konvergenz'),
(1122, 'Gleichverteilung', 'Gleichverteilung'),
(1123, 'Gleitkommadarstellung', NULL),
(1124, 'Glockenkurve', 'Glockenkurve'),
(1125, 'Grad', 'Grad'),
(1126, 'Grenzwertsatz', 'Grenzwertsatz'),
(1127, 'Grundfläche', 'Grundfläche'),
(1128, 'Grundseite', 'Grundseite'),
(1129, 'Grundzahl', 'Grundzahl'),
(1130, 'gut konditioniert', NULL),
(1131, 'Gütefunktion', 'Gütefunktion'),
(1132, 'halbeinfacher Ring', NULL),
(1133, 'Halbierung', NULL),
(1134, 'Halbkugel', 'Halbkugel'),
(1135, 'Halbnorm', 'Halbnorm'),
(1136, 'Halbordnung', 'Halbordnung'),
(1137, 'Halteproblem', 'Halteproblem'),
(1138, 'Hauptachse', 'Hauptachse'),
(1139, 'Hauptachsentheorem', NULL),
(1140, 'Hauptachsentransformation', 'Hauptachsentransformation'),
(1141, 'Hauptachsentransformation von Matrizen', NULL),
(1142, 'Hauptideal', 'Hauptideal'),
(1143, 'Hauptidealring', 'Hauptidealring'),
(1144, 'Hauptkrümmungen', NULL),
(1145, 'Hauptsatz', 'Hauptsatz'),
(1146, 'Hauptsatz der Differential- und Integralrechnung', 'Hauptsatz der Differential- und Integralrechnung'),
(1147, 'Hauptteil', NULL),
(1148, 'Hauptwert', 'Hauptwert'),
(1149, 'Hauptzweig', NULL),
(1150, 'Hausdorffscher Raum', 'Hausdorffscher Raum'),
(1151, 'hebbare Singularität', 'Hebbare Singularität'),
(1152, 'hebbare Unstetigkeit', NULL),
(1153, 'Hermitesche Matrix', 'Hermitesche Matrix'),
(1154, 'Hessematrix', 'Hessematrix'),
(1155, 'Hessenberg-Form', NULL),
(1156, 'Hessenberg-Matrix', NULL),
(1157, 'Hessenberg-Zerlegung', NULL),
(1158, 'Hessesche Normalform', 'Hessesche Normalform'),
(1159, 'Hilbert-Basis', 'Hilbert-Basis'),
(1160, 'Hilbert-Funktion', NULL),
(1161, 'Hilbert-Kurve', 'Hilbert-Kurve'),
(1162, 'Hilbert-Matrix', 'Hilbert-Matrix'),
(1163, 'Hilbert-Polynom', NULL),
(1164, 'Hilbert-Raum', 'Hilbert-Raum'),
(1165, 'Hilbert-Schmidt-Norm', NULL),
(1166, 'Hilbert-Symbol', 'Hilbert-Symbol'),
(1167, 'Hilfsvariable', NULL),
(1168, 'hinreichend', 'Hinreichend'),
(1169, 'Höhe', 'Höhe'),
(1170, 'Höhenlinie', 'Höhenlinie'),
(1171, 'homotop', 'Homotop'),
(1172, 'Homotopiegruppe', 'Homotopiegruppe'),
(1173, 'Horner-Schema', 'Horner-Schema'),
(1174, 'Householder-Matrix', 'Householder-Matrix'),
(1175, 'Householder-Method', NULL),
(1176, 'Householder-Transformation', 'Householder-Transformation'),
(1177, 'Hyperbelfunktionen', 'Hyperbelfunktionen'),
(1178, 'Hyperebenenspiegelung', NULL),
(1179, 'hypergeometrische Verteilung', 'Hypergeometrische Verteilung'),
(1180, 'Icosidodekaeder', NULL),
(1181, 'Identifizierungstopologie', 'Identifizierungstopologie'),
(1182, 'Identität', 'Identität'),
(1183, 'Identitätssatz', 'Identitätssatz'),
(1184, 'Ikosaeder', 'Ikosaeder'),
(1185, 'implizit', 'Implizit'),
(1186, 'implizite Funktion', 'Implizite Funktion'),
(1187, 'Indexmenge', 'Indexmenge'),
(1188, 'Indikator', 'Indikator'),
(1189, 'Indikatorfunktion', 'Indikatorfunktion'),
(1190, 'Induktionsannahme', NULL),
(1191, 'Induktionsschluß', NULL),
(1192, 'Induktionsverankerung', NULL),
(1193, 'Induktionsvoraussetzung', 'Induktionsvoraussetzung'),
(1194, 'induzierte Topologie', 'Induzierte Topologie'),
(1195, 'Inhomogenität', 'Inhomogenität'),
(1196, 'Initialtopologie', 'Initialtopologie'),
(1197, 'Innere (das Innere)', 'Innere'),
(1198, 'innerer Automorphismus', 'Innerer Automorphismus'),
(1199, 'Inneres', 'Inneres'),
(1200, 'Intervallarithmetik', 'Intervallarithmetik'),
(1201, 'Intervallhalbierung', 'Intervallhalbierung'),
(1202, 'Intervallschachtelung', 'Intervallschachtelung'),
(1203, 'invariant', 'Invariant'),
(1204, 'invarianter Unterraum', NULL),
(1205, 'inverse Iteration nach Wielandt', NULL),
(1206, 'Involution', 'Involution'),
(1207, 'irreduzibel', 'Irreduzibel'),
(1208, 'Isotropiegruppe', 'Isotropiegruppe'),
(1209, 'Iterationsmatrix', 'Iterationsmatrix'),
(1210, 'Jacobimatrix', 'Jacobimatrix'),
(1211, 'Jensensche Formel', NULL),
(1212, 'Jensensche Ungleichung', 'Jensensche Ungleichung'),
(1213, 'Jordan-Basis', NULL),
(1214, 'Jordan-Block', NULL),
(1215, 'Jordan-Kurve', 'Jordan-Kurve'),
(1216, 'Jordanbogen', NULL),
(1217, 'Jordankästchen', NULL),
(1218, 'Jordanscher Kurvensatz', 'Jordanscher Kurvensatz'),
(1219, 'kanonischer Basis', NULL),
(1220, 'Kardinalzahl', 'Kardinalzahl'),
(1221, 'Karte', 'Karte'),
(1222, 'kartesische Koordinaten', 'Kartesische Koordinaten'),
(1223, 'Keim', 'Keim'),
(1224, 'Kellerautomat', 'Kellerautomat'),
(1225, 'Kettenbruch', 'Kettenbruch'),
(1226, 'klassische Gruppen', NULL),
(1227, 'Kleene Abschluß', NULL),
(1228, 'Kleenescher Abschluß', NULL),
(1229, 'Kleinsche Vierergruppe', 'Kleinsche Vierergruppe'),
(1230, 'Knicklast', 'Knicklast'),
(1231, 'Knotenüberdeckung', 'Knotenüberdeckung'),
(1232, 'Kodimension', 'Kodimension'),
(1233, 'Kokern', 'Kokern'),
(1234, 'Kollineation', 'Kollineation'),
(1235, 'Kommutator', 'Kommutator'),
(1236, 'kompakte Konvergenz', 'Kompakte Konvergenz'),
(1237, 'kompakter Operator', 'Kompakter Operator'),
(1238, 'Kompaktifizierung', 'Kompaktifizierung'),
(1239, 'komplementäre Matrix', 'Komplementäre Matrix'),
(1240, 'komplementäres Ereignis', 'Komplementäres Ereignis'),
(1241, 'komplex differenzierbar', 'Komplex differenzierbar'),
(1242, 'komplexe Mannigfaltigkeit', 'Komplexe Mannigfaltigkeit'),
(1243, 'Komplexifizierung', 'Komplexifizierung'),
(1244, 'Komplexifizierung eines reellen Vektorraumes', NULL),
(1245, 'Komplexitätstheorie', 'Komplexitätstheorie'),
(1246, 'Komponente', 'Komponente'),
(1247, 'Komposition', 'Komposition'),
(1248, 'Kondition', 'Kondition'),
(1249, 'Konditionszahl', 'Konditionszahl'),
(1250, 'Konfidenzbereich', 'Konfidenzbereich'),
(1251, 'Konfidenzintervall', 'Konfidenzintervall'),
(1252, 'Konfidenzniveau', 'Konfidenzniveau'),
(1253, 'kongruent', 'Kongruent'),
(1254, 'Kongruenz', 'Kongruenz'),
(1255, 'konjugiert komplexe Zahl', NULL),
(1256, 'konjugierte Untergruppe', NULL),
(1257, 'Konjugierte-Gradienten-Verfahren', NULL),
(1258, 'konkav', 'Konkav'),
(1259, 'Konsistenz', 'Konsistenz'),
(1260, 'kontrahierend', NULL),
(1261, 'kontrahierende Abbildung', NULL),
(1262, 'Kontraktion', 'Kontraktion'),
(1263, 'Kontraposition', 'Kontraposition'),
(1264, 'kontravarianter Funktor', 'Kontravarianter Funktor'),
(1265, 'Konvergenz in Verteilung', 'Konvergenz in Verteilung'),
(1266, 'Konvergenz in Wahrscheinlichkeit', NULL),
(1267, 'Konvergenzbeschleunigung', 'Konvergenzbeschleunigung'),
(1268, 'Konvergenzgeschwindigkeit', 'Konvergenzgeschwindigkeit'),
(1269, 'Konvergenzkriterium', 'Konvergenzkriterium'),
(1270, 'Konvergenzordnung', 'Konvergenzordnung'),
(1271, 'Konvergenzradius', 'Konvergenzradius'),
(1272, 'konvexe Hülle', 'Konvexe Hülle'),
(1273, 'konvexe Menge', 'Konvexe Menge'),
(1274, 'Konvexkombination', 'Konvexkombination'),
(1275, 'Konvolution', 'Konvolution'),
(1276, 'Korollar', 'Korollar'),
(1277, 'Körpererweiterung', 'Körpererweiterung'),
(1278, 'Korrelation (in projektiven Räumen)', 'Korrelation'),
(1279, 'Kosekante', NULL),
(1280, 'kovarianter Funktor', 'Kovarianter Funktor'),
(1281, 'Kreisfläche', 'Kreisfläche'),
(1282, 'Kreisscheibe', 'Kreisscheibe'),
(1283, 'Kreisteilungspolynom', 'Kreisteilungspolynom'),
(1284, 'Krümmung (einer Kurve, einer Fläche)', 'Krümmung'),
(1285, 'Krümmungsradius', 'Krümmungsradius'),
(1286, 'Kubischer Spline', 'Kubischer Spline'),
(1287, 'Kugelkappe', 'Kugelkappe'),
(1288, 'Kurvenintegral', 'Kurvenintegral'),
(1289, 'Lagrange-Interpolationsformel', NULL),
(1290, 'Lagrange-Polynom', 'Lagrange-Polynom'),
(1291, 'Lagrangesche Funktion', NULL),
(1292, 'Lagrangesche Gleichung', NULL),
(1293, 'Lagrangescher Multiplikator', NULL),
(1294, 'Laguerresche Differentialgleichung', 'Laguerresche Differentialgleichung'),
(1295, 'Landau-Symbol', 'Landau-Symbol'),
(1296, 'Laplace-Operator', 'Laplace-Operator'),
(1297, 'Laplace-Verteilung', 'Laplace-Verteilung'),
(1298, 'Laplacesche Gleichung', NULL),
(1299, 'Laplacescher Entwicklungssatz', 'Laplacescher Entwicklungssatz'),
(1300, 'Laufflächenkrümmung', NULL),
(1301, 'Laurentreihe', 'Laurentreihe'),
(1302, 'Lebesgue-Maß', 'Lebesgue-Maß'),
(1303, 'Legendre-Polynom', 'Legendre-Polynom'),
(1304, 'Legendre-Symbol', 'Legendre-Symbol'),
(1305, 'Legendresche Differentialgleichung', 'Legendresche Differentialgleichung'),
(1306, 'Legendresche Normalform', NULL),
(1307, 'Legendresche Polynom', NULL),
(1308, 'Leibnizkriterium', 'Leibnizkriterium'),
(1309, 'Leitlinie', 'Leitlinie'),
(1310, 'Levi-Civita-Tensor', 'Levi-Civita-Tensor'),
(1311, 'lexikographische Ordnung', 'Lexikographische Ordnung'),
(1312, 'Lie-Algebra', 'Lie-Algebra'),
(1313, 'Likelihood', 'Likelihood'),
(1314, 'Likelihood-Funktion', 'Likelihood-Funktion'),
(1315, 'Likelihood-Quotienten-Test', 'Likelihood-Quotienten-Test'),
(1316, 'Likelihood-Verhältnis', NULL),
(1317, 'Likelihood-Verhältnis-Test', NULL),
(1318, 'linksseitiger Grenzwert', NULL),
(1319, 'lokal wegzusammenhängend', 'Lokal wegzusammenhängend');
INSERT INTO `de_word` (`id`, `name`, `wp_article`) VALUES
(1320, 'lokal zusammenhängend', 'Lokal zusammenhängend'),
(1321, 'lokalendlich', NULL),
(1322, 'lokaler Ring', 'Lokaler Ring'),
(1323, 'lokales Koordinatensystem', NULL),
(1324, 'lokalkompakt', 'Lokalkompakt'),
(1325, 'lokalkonvex', 'Lokalkonvex'),
(1326, 'Lösungsmenge', 'Lösungsmenge'),
(1327, 'Lösungsraum', 'Lösungsraum'),
(1328, 'LR-Zerlegung', 'LR-Zerlegung'),
(1329, 'mager', 'Mager'),
(1330, 'Majorantenkriterium', 'Majorantenkriterium'),
(1331, 'majorisierte Konvergenz', NULL),
(1332, 'Mannigfaltigkeit', 'Mannigfaltigkeit'),
(1333, 'Mantel', 'Mantel'),
(1334, 'Maschinenzahl', 'Maschinenzahl'),
(1335, 'Maßraum', 'Maßraum'),
(1336, 'Matrix (pl. Matrizen)', 'Matrix'),
(1337, 'Maximum-Likelihood', 'Maximum-Likelihood'),
(1338, 'Maximum-Likelihood-Schätzung', 'Maximum-Likelihood-Schätzung'),
(1339, 'Maximumsprinzip (für holomorphe Funktionen)', 'Maximumsprinzip'),
(1340, 'mehrdimensionale Verteilung', NULL),
(1341, 'mehrfaches Integral', NULL),
(1342, 'Mehrschrittverfahren', 'Mehrschrittverfahren'),
(1343, 'Mehrzielmethode', NULL),
(1344, 'Mengenlehre', 'Mengenlehre'),
(1345, 'meromorph', 'Meromorph'),
(1346, 'metrisierbar', 'Metrisierbar'),
(1347, 'Minkowsky Metrik', NULL),
(1348, 'Minkowsky Raum', NULL),
(1349, 'Minuend', 'Minuend'),
(1350, 'Mittellinie', 'Mittellinie'),
(1351, 'Mittelparallele', 'Mittelparallele'),
(1352, 'Mittelpunktregel', NULL),
(1353, 'Mittelsenkrechte', 'Mittelsenkrechte'),
(1354, 'Mittelwert', 'Mittelwert'),
(1355, 'Mittelwertsatz', 'Mittelwertsatz'),
(1356, 'Mittelwertsatz der Integralrechnung', 'Mittelwertsatz der Integralrechnung'),
(1357, 'mittlere Abweichung', NULL),
(1358, 'mittlere Krümmung', 'Mittlere Krümmung'),
(1359, 'mittlere quadratische Abweichung', 'Mittlere quadratische Abweichung'),
(1360, 'Modul', 'Modul'),
(1361, 'momenterzeugende Funktion', 'Momenterzeugende Funktion'),
(1362, 'Monodromiesatz', NULL),
(1363, 'Monoid', 'Monoid'),
(1364, 'monoton (adj)', 'Monoton'),
(1365, 'monoton (adv)', 'Monoton'),
(1366, 'monotone Konvergenz', NULL),
(1367, 'Multiindex', 'Multiindex'),
(1368, 'multilineare Abbildung', 'Multilineare Abbildung'),
(1369, 'Multinomialverteilung', 'Multinomialverteilung'),
(1370, 'Multiplikand', 'Multiplikand'),
(1371, 'Nabla', 'Nabla'),
(1372, 'nachfolgend', NULL),
(1373, 'natürliche Transformation', 'Natürliche Transformation'),
(1374, 'natürlicher Spline', NULL),
(1375, 'Nebenachse (einer Ellipse)', 'Nebenachse'),
(1376, 'Nebenbedingung', 'Nebenbedingung'),
(1377, 'Nebenbedingungen', NULL),
(1378, 'Nebenklasse', 'Nebenklasse'),
(1379, 'negativ semidefinit', NULL),
(1380, 'Negativ-Binomial-Verteilung', NULL),
(1381, 'Neilsche Parabel', 'Neilsche Parabel'),
(1382, 'neutrales Element', 'Neutrales Element'),
(1383, 'Newton-ähnliche Verfahren', NULL),
(1384, 'Newton-Cotes-Formel', 'Newton-Cotes-Formel'),
(1385, 'Newton-Interpolationspolynom', NULL),
(1386, 'Newton-Verfahren', 'Newton-Verfahren'),
(1387, 'Newtonsche Form des Interpolationspolynoms', NULL),
(1388, 'nicht Null', NULL),
(1389, 'nichtsingulär', NULL),
(1390, 'nilpotent', 'Nilpotent'),
(1391, 'Nilpotenzindex', 'Nilpotenzindex'),
(1392, 'nirgends dicht', NULL),
(1393, 'Normale', 'Normale'),
(1394, 'normale Konvergenz', 'Normale Konvergenz'),
(1395, 'normale Körpererweiterung', NULL),
(1396, 'Normalenvektor', 'Normalenvektor'),
(1397, 'Normalformensatz für äquivalente Matrizen', NULL),
(1398, 'Normalgleichung', 'Normalgleichung'),
(1399, 'Normalisator', 'Normalisator'),
(1400, 'Normalkrümmung', NULL),
(1401, 'Normalreihe', 'Normalreihe'),
(1402, 'Normalteiler', 'Normalteiler'),
(1403, 'Normalverteilung', 'Normalverteilung'),
(1404, 'normierte Algebra', NULL),
(1405, 'normiertes Polynom', 'Normiertes Polynom'),
(1406, 'Normtopologie', 'Normtopologie'),
(1407, 'NP-hart', 'NP-hart'),
(1408, 'NP-vollständig', 'NP-vollständig'),
(1409, 'nullhomotop', 'Nullhomotop'),
(1410, 'Nullmatrix', 'Nullmatrix'),
(1411, 'Nullpolynom', 'Nullpolynom'),
(1412, 'Nullteiler', 'Nullteiler'),
(1413, 'Nulltensor', NULL),
(1414, 'numerische Differentiation', 'Numerische Differentiation'),
(1415, 'numerische Integration', 'Numerische Integration'),
(1416, 'numerische Stabilität', NULL),
(1417, 'obere Dreiecksmatrix', 'Obere Dreiecksmatrix'),
(1418, 'Oberflächenbereich', NULL),
(1419, 'Obermenge', 'Obermenge'),
(1420, 'offene Überdeckung', 'Offene Überdeckung'),
(1421, 'offener Kern', NULL),
(1422, 'ohne Beschränkung der Allgemeinheit', 'Ohne Beschränkung der Allgemeinheit'),
(1423, 'Operatornorm', 'Operatornorm'),
(1424, 'optimaler Test', NULL),
(1425, 'Orbit', 'Orbit'),
(1426, 'Ordinalzahl', 'Ordinalzahl'),
(1427, 'Ordnungstopologie', 'Ordnungstopologie'),
(1428, 'orientierungstreu', NULL),
(1429, 'Orthogonalität', 'Orthogonalität'),
(1430, 'Orthogonalitätsrelation', NULL),
(1431, 'Orthonormalisierungsverfahren', NULL),
(1432, 'Orthonormalisierungsverfahren (von Gram-Schmidt)', NULL),
(1433, 'Ortslinie', 'Ortslinie'),
(1434, 'Oszillator', 'Oszillator'),
(1435, 'Overrelaxation', NULL),
(1436, 'p-adische Zahl', 'P-adische Zahl'),
(1437, 'paarweise', NULL),
(1438, 'parakompakt', 'Parakompakt'),
(1439, 'parakompakter Raum', 'Parakompakter Raum'),
(1440, 'Parallelogrammgleichung', 'Parallelogrammgleichung'),
(1441, 'Parkettierung', 'Parkettierung'),
(1442, 'Parsevalsche Gleichung', 'Parsevalsche Gleichung'),
(1443, 'Partialbruch', 'Partialbruch'),
(1444, 'Partialbruchzerlegung', 'Partialbruchzerlegung'),
(1445, 'partielle Differentialgleichungen', 'Partielle Differentialgleichungen'),
(1446, 'partikulär', NULL),
(1447, 'Partition der Eins', 'Partition der Eins'),
(1448, 'passend', NULL),
(1449, 'Peano-Kern', NULL),
(1450, 'Pendel', 'Pendel'),
(1451, 'Periodizität', 'Periodizität'),
(1452, 'Permutationsgruppe', 'Permutationsgruppe'),
(1453, 'Pfaffsche Form', 'Pfaffsche Form'),
(1454, 'Pivotelement', 'Pivotelement'),
(1455, 'Pivotisierung', 'Pivotisierung'),
(1456, 'Pivotsuche', NULL),
(1457, 'Poisson-Verteilung', 'Poisson-Verteilung'),
(1458, 'Poissonverteilung', 'Poissonverteilung'),
(1459, 'Pol', 'Pol'),
(1460, 'Polarisierung', 'Polarisierung'),
(1461, 'Polarkoordinate', 'Polarkoordinate'),
(1462, 'Polyeder', 'Polyeder'),
(1463, 'Polynom', 'Polynom'),
(1464, 'polynomiale Abbildung', NULL),
(1465, 'Polynominterpolation', 'Polynominterpolation'),
(1466, 'positive semidefinit', NULL),
(1467, 'Potential', 'Potential'),
(1468, 'Potentialgleichung', NULL),
(1469, 'Potenz (n-te von x)', 'Potenz'),
(1470, 'Potenzmenge', 'Potenzmenge'),
(1471, 'Potenzmengenkonstruktion', 'Potenzmengenkonstruktion'),
(1472, 'Potenzreihe', 'Potenzreihe'),
(1473, 'Potenzsumme', 'Potenzsumme'),
(1474, 'Prädikat', 'Prädikat'),
(1475, 'Prädikatenlogik', 'Prädikatenlogik'),
(1476, 'Prähilbertraum', 'Prähilbertraum'),
(1477, 'präkompakt', 'Präkompakt'),
(1478, 'Präkonditionierung', 'Präkonditionierung'),
(1479, 'Prediktor-Korrektor-Verfahren', NULL),
(1480, 'Primelement', 'Primelement'),
(1481, 'Primfaktorzerlegung', 'Primfaktorzerlegung'),
(1482, 'Primideal', 'Primideal'),
(1483, 'primitive Einheitswurzel', NULL),
(1484, 'primitive Wurzel', 'Primitive Wurzel'),
(1485, 'primitives Polynom', 'Primitives Polynom'),
(1486, 'Primkörper', 'Primkörper'),
(1487, 'Prinzip der gleichmäßigen Beschränktheit', 'Prinzip der gleichmäßigen Beschränktheit'),
(1488, 'Prinzip der offenen Abbildung', NULL),
(1489, 'Prisma', 'Prisma'),
(1490, 'probabilistischer endlicher Automat (PEA)', NULL),
(1491, 'Produktmaß', 'Produktmaß'),
(1492, 'Produktregel', 'Produktregel'),
(1493, 'Produkttopologie', 'Produkttopologie'),
(1494, 'projektiver Raum', 'Projektiver Raum'),
(1495, 'Projektivität', NULL),
(1496, 'Prozentrechnung', 'Prozentrechnung'),
(1497, 'Pseudoinverse', 'Pseudoinverse'),
(1498, 'punktierte Ebene', NULL),
(1499, 'punktierte Menge', NULL),
(1500, 'Punktschätzung', 'Punktschätzung'),
(1501, 'punktweise Konvergenz', 'Punktweise Konvergenz'),
(1502, 'QR-Zerlegung', 'QR-Zerlegung'),
(1503, 'Quader', 'Quader'),
(1504, 'quadratische Konvergenz', NULL),
(1505, 'quadratischer Rest', 'Quadratischer Rest'),
(1506, 'Quadraturformel', 'Quadraturformel'),
(1507, 'Quadrik', 'Quadrik'),
(1508, 'Quantil', 'Quantil'),
(1509, 'Querschnittsansicht', NULL),
(1510, 'Quotientengruppe', 'Quotientengruppe'),
(1511, 'Quotientenkörper', 'Quotientenkörper'),
(1512, 'Quotientenkriterium', 'Quotientenkriterium'),
(1513, 'Quotientenmenge', 'Quotientenmenge'),
(1514, 'Quotientenregel', 'Quotientenregel'),
(1515, 'Quotientenring', 'Quotientenring'),
(1516, 'Quotiententopologie', 'Quotiententopologie'),
(1517, 'Quotientenvektorraum', 'Quotientenvektorraum'),
(1518, 'radial', 'Radial'),
(1519, 'Radikalerweiterung', NULL),
(1520, 'Randverteilung', 'Randverteilung'),
(1521, 'Randwertproblem', 'Randwertproblem'),
(1522, 'rationale Abbildung', NULL),
(1523, 'rationale Funktion', 'Rationale Funktion'),
(1524, 'rationale Interpolation', NULL),
(1525, 'Rayleigh-Quotient', 'Rayleigh-Quotient'),
(1526, 'Rayleigh-Verteilung', 'Rayleigh-Verteilung'),
(1527, 'rechteckig', NULL),
(1528, 'Rechteckverteilung', 'Rechteckverteilung'),
(1529, 'rechtsseitig differenzierbar', NULL),
(1530, 'rechtsseitiger Grenzwert', NULL),
(1531, 'rechtsstetig', 'Rechtsstetig'),
(1532, 'reduzibel', NULL),
(1533, 'Referenz', 'Referenz'),
(1534, 'reflexive Hülle', NULL),
(1535, 'Regel von Sarrus', 'Regel von Sarrus'),
(1536, 'regula falsi', 'Regula falsi'),
(1537, 'regulär', 'Regulär'),
(1538, 'Rekonstruktion', 'Rekonstruktion'),
(1539, 'rektifizierbar', 'Rektifizierbar'),
(1540, 'rektifizierende Ebene', NULL),
(1541, 'Rekursionsformel', 'Rekursionsformel'),
(1542, 'Rekursionssatz', 'Rekursionssatz'),
(1543, 'relativ kompakt', 'Relativ kompakt'),
(1544, 'relative Häufigkeit', 'Relative Häufigkeit'),
(1545, 'relativer Fehler', 'Relativer Fehler'),
(1546, 'Relaxation', 'Relaxation'),
(1547, 'Remes-Algorithmus', NULL),
(1548, 'Repräsentant', 'Repräsentant'),
(1549, 'Residuensatz', 'Residuensatz'),
(1550, 'Residuum', 'Residuum'),
(1551, 'Resolventenmenge', 'Resolventenmenge'),
(1552, 'Resonanz', 'Resonanz'),
(1553, 'Restglied', 'Restglied'),
(1554, 'Restklasse', 'Restklasse'),
(1555, 'Restklassenmodul', NULL),
(1556, 'Restklassenring', 'Restklassenring'),
(1557, 'Retrakt', 'Retrakt'),
(1558, 'Richtungsableitung', 'Richtungsableitung'),
(1559, 'Riemannsche Fläche', 'Riemannsche Fläche'),
(1560, 'Riemannsche Summe', NULL),
(1561, 'Riemannsche Zahlenkugel', 'Riemannsche Zahlenkugel'),
(1562, 'Riemannscher Abbildungssatz', 'Riemannscher Abbildungssatz'),
(1563, 'Riezscher Dartstellungssatz', NULL),
(1564, 'Romberg-Verfahren', 'Romberg-Verfahren'),
(1565, 'Rombergintegration', NULL),
(1566, 'Rückwärtsanalyse (Fehler)', NULL),
(1567, 'Rückwärtseinsetzen', NULL),
(1568, 'Rundungsfehler', 'Rundungsfehler'),
(1569, 'Sattelfläche', 'Sattelfläche'),
(1570, 'Sattelpunkt', 'Sattelpunkt'),
(1571, 'Satz über die Umkehrabbildung', NULL),
(1572, 'Satz über implizite Funktionen', 'Satz über implizite Funktionen'),
(1573, 'Satz vom inversen Operator', NULL),
(1574, 'Satz von Baire', 'Satz von Baire'),
(1575, 'Schachtelung', NULL),
(1576, 'Schätzung', 'Schätzung'),
(1577, 'schiefe Ebene', 'Schiefe Ebene'),
(1578, 'schiefer Winkel', NULL),
(1579, 'Schiefkörper', 'Schiefkörper'),
(1580, 'schiefsymmetrisch', 'Schiefsymmetrisch'),
(1581, 'Schießverfahren', 'Schießverfahren'),
(1582, 'schlecht konditioniert', NULL),
(1583, 'Schlupf', 'Schlupf'),
(1584, 'Schlupfvariable', 'Schlupfvariable'),
(1585, 'schnelle Fouriertransformation', 'Schnelle Fouriertransformation'),
(1586, 'Schrittweitensteuerung', NULL),
(1587, 'schwache Topologie', 'Schwache Topologie'),
(1588, 'schwaches Spaltensummenkriterium', NULL),
(1589, 'schwaches Zeilensummenkriterium', NULL),
(1590, 'Schwarzsche Ungleichung', 'Schwarzsche Ungleichung'),
(1591, 'Schwarzsches Spiegelungsprinzip', NULL),
(1592, 'Schwingungsgleichung', 'Schwingungsgleichung'),
(1593, 'Sehnentrapezregel', NULL),
(1594, 'Sekans hyperbolicus', NULL),
(1595, 'Sekante', 'Sekante'),
(1596, 'Sekantenverfahren', 'Sekantenverfahren'),
(1597, 'selbstadjungiert', 'Selbstadjungiert'),
(1598, 'semi-entscheidbar', 'Semi-entscheidbar'),
(1599, 'Semiaffinität', NULL),
(1600, 'semidefinit', 'Semidefinit'),
(1601, 'semidirektes Produkt', 'Semidirektes Produkt'),
(1602, 'semilinear', 'Semilinear'),
(1603, 'semilokal', NULL),
(1604, 'Seminorm', 'Seminorm'),
(1605, 'separabel', 'Separabel'),
(1606, 'Sesquilinearform', 'Sesquilinearform'),
(1607, 'Signifikanz-Niveau', NULL),
(1608, 'Simplex', 'Simplex'),
(1609, 'Simplexmethode', NULL),
(1610, 'Simplexverfahren', 'Simplexverfahren'),
(1611, 'Simpson-Regel', 'Simpson-Regel'),
(1612, 'singuläre Matrix', 'Singuläre Matrix'),
(1613, 'singulärer Punkt', 'Singulärer Punkt'),
(1614, 'Singularität', 'Singularität'),
(1615, 'Singulärwert', 'Singulärwert'),
(1616, 'Singulärwertzerlegung', 'Singulärwertzerlegung'),
(1617, 'Sinus hyperbolicus', 'Sinus hyperbolicus'),
(1618, 'Sinussatz', 'Sinussatz'),
(1619, 'Skalierung', 'Skalierung'),
(1620, 'Spaltenpivotisierung', NULL),
(1621, 'Spaltenpivotsuche', NULL),
(1622, 'Spaltenraum', 'Spaltenraum'),
(1623, 'Spaltensummenkriterium', NULL),
(1624, 'Spaltensummennorm', 'Spaltensummennorm'),
(1625, 'Spatprodukt', 'Spatprodukt'),
(1626, 'Speicherschrittfunktion', NULL),
(1627, 'Spektralnorm', 'Spektralnorm'),
(1628, 'Spektralradius', 'Spektralradius'),
(1629, 'Spektralsatz', 'Spektralsatz'),
(1630, 'Spektrum', 'Spektrum'),
(1631, 'Spline-Interpolation', 'Spline-Interpolation'),
(1632, 'Sprungstelle (einer Funktion)', 'Sprungstelle'),
(1633, 'Spur', 'Spur'),
(1634, 'stabil', 'Stabil'),
(1635, 'Stabilisator', 'Stabilisator'),
(1636, 'Stabilität', 'Stabilität'),
(1637, 'Standardabweichung', 'Standardabweichung'),
(1638, 'Standardbasis', 'Standardbasis'),
(1639, 'starkes Spaltensummenkriterium', NULL),
(1640, 'starkes Zeilensummenkriterium', NULL),
(1641, 'Startecke', NULL),
(1642, 'statistische Verteilung', 'Statistische Verteilung'),
(1643, 'steife Differentialgleichung', NULL),
(1644, 'steigend', NULL),
(1645, 'Steigung', 'Steigung'),
(1646, 'stereographisch', NULL),
(1647, 'stereographische Projektion', 'Stereographische Projektion'),
(1648, 'sternförmig', 'Sternförmig'),
(1649, 'stetig differenzierbar', 'Stetig differenzierbar'),
(1650, 'stetige Verteilung', 'Stetige Verteilung'),
(1651, 'Stetigkeitsmaß', NULL),
(1652, 'stochastisch unabhängig', 'Stochastisch unabhängig'),
(1653, 'Störung', 'Störung'),
(1654, 'Störungslemma', 'Störungslemma'),
(1655, 'Störungsmatrix', NULL),
(1656, 'Störungstheorie', 'Störungstheorie'),
(1657, 'Strecke', 'Strecke'),
(1658, 'Streckung', 'Streckung'),
(1659, 'strenge obere Dreiecksmatrix', NULL),
(1660, 'strenge untere Dreiecksmatrix', NULL),
(1661, 'stückweise', NULL),
(1662, 'stückweise stetig', NULL),
(1663, 'studentsche t-Verteilung', 'Studentsche t-Verteilung'),
(1664, 'Stützstelle', 'Stützstelle'),
(1665, 'Subdivision', NULL),
(1666, 'sublinear', 'Sublinear'),
(1667, 'Substitutionsregel', 'Substitutionsregel'),
(1668, 'Subtrahend', 'Subtrahend'),
(1669, 'sukzessive Approximation', 'Sukzessive Approximation'),
(1670, 'Summentopologie', NULL),
(1671, 'summierbare Funktion', NULL),
(1672, 'Supremumsnorm', 'Supremumsnorm'),
(1673, 'Sylow-Gruppe', NULL),
(1674, 'Sylvesterscher Trägheitssatz', 'Sylvesterscher Trägheitssatz'),
(1675, 't-Verteilung', 'T-Verteilung'),
(1676, 'Tangens hyperbolicus', 'Tangens hyperbolicus'),
(1677, 'Tangentialebene', 'Tangentialebene'),
(1678, 'Tangentialraum', 'Tangentialraum'),
(1679, 'Tangentialvektor', 'Tangentialvektor'),
(1680, 'Taylorentwicklung', 'Taylorentwicklung'),
(1681, 'teilerfremd', 'Teilerfremd'),
(1682, 'Teilmengenkonstruktion', 'Teilmengenkonstruktion'),
(1683, 'Teilpivotisierung', NULL),
(1684, 'Teilüberdeckung', NULL),
(1685, 'Teilung', 'Teilung'),
(1686, 'Teilung der Eins', 'Teilung der Eins'),
(1687, 'teilweise geordnet', NULL),
(1688, 'topologische Basis', NULL),
(1689, 'topologische Summe', NULL),
(1690, 'Torsion', 'Torsion'),
(1691, 'total beschränkt', 'Total beschränkt'),
(1692, 'total unzusammenhängend', 'Total unzusammenhängend'),
(1693, 'totale Ableitung', 'Totale Ableitung'),
(1694, 'totale Wahrscheinlichkeit', 'Totale Wahrscheinlichkeit'),
(1695, 'Totalpivotisierung', NULL),
(1696, 'Träger (einer Funktion)', 'Träger'),
(1697, 'Trägheitssatz', 'Trägheitssatz'),
(1698, 'Traktrix', 'Traktrix'),
(1699, 'Transformation', 'Transformation'),
(1700, 'transitive Hülle', 'Transitive Hülle'),
(1701, 'Translation', 'Translation'),
(1702, 'Translationsinvarianz', 'Translationsinvarianz'),
(1703, 'transponierte Matrix', 'Transponierte Matrix'),
(1704, 'Trapezregel', 'Trapezregel'),
(1705, 'Trennungsaxiome', NULL),
(1706, 'Treppenform', NULL),
(1707, 'Treppenfunktion', 'Treppenfunktion'),
(1708, 'Treppennormalform', 'Treppennormalform'),
(1709, 'Triangulation', 'Triangulation'),
(1710, 'Tschebyscheff-Approxiation', NULL),
(1711, 'Tschebyscheff-Polynom', 'Tschebyscheff-Polynom'),
(1712, 'Tschebyscheff-System', NULL),
(1713, 'Tupel', 'Tupel'),
(1714, 'Turingmaschine', 'Turingmaschine'),
(1715, 'überbestimmt', NULL),
(1716, 'Überdeckung', 'Überdeckung'),
(1717, 'Übergangsdiagramm', 'Übergangsdiagramm'),
(1718, 'Überlagerung', 'Überlagerung'),
(1719, 'Ultrafilter', 'Ultrafilter'),
(1720, 'Umfang', 'Umfang'),
(1721, 'Umgebungsbasis', 'Umgebungsbasis'),
(1722, 'Umgebungsfilter', 'Umgebungsfilter'),
(1723, 'Umkehrabbildung', 'Umkehrabbildung'),
(1724, 'Umlaufzahl', 'Umlaufzahl'),
(1725, 'Umparametrisierung', NULL),
(1726, 'Unabhängigkeit', 'Unabhängigkeit'),
(1727, 'unechter Bruch', 'Unechter Bruch'),
(1728, 'unendlich-dimensional', NULL),
(1729, 'ungleichseitig', NULL),
(1730, 'universelle Überlagerung', 'Universelle Überlagerung'),
(1731, 'unstetig', NULL),
(1732, 'Unstetigkeit', NULL),
(1733, 'unterbestimmt', NULL),
(1734, 'Untermodul', NULL),
(1735, 'unverfälscht', NULL),
(1736, 'Urnenmodell', 'Urnenmodell'),
(1737, 'uvwxy-Theorem', NULL),
(1738, 'Varianz', 'Varianz'),
(1739, 'Vektoranalysis', 'Vektoranalysis'),
(1740, 'Vektoriteration', 'Vektoriteration'),
(1741, 'Verband', 'Verband'),
(1742, 'Verbindung(sraum)', NULL),
(1743, 'Verdichtung', 'Verdichtung'),
(1744, 'Verfahrensfehler', 'Verfahrensfehler'),
(1745, 'Verkettung', 'Verkettung'),
(1746, 'Verknüpfung', 'Verknüpfung'),
(1747, 'Verteilung', 'Verteilung'),
(1748, 'Verteilungsfunktion', 'Verteilungsfunktion'),
(1749, 'verträglich (Norm)', 'Verträglich'),
(1750, 'Vertrauensintervall', 'Vertrauensintervall'),
(1751, 'Vervollständigung', 'Vervollständigung'),
(1752, 'Verzerrung', 'Verzerrung'),
(1753, 'verzweigte Überlagerung', NULL),
(1754, 'Verzweigung', 'Verzweigung'),
(1755, 'Vielfaches', 'Vielfaches'),
(1756, 'Vielfachheit', 'Vielfachheit'),
(1757, 'Vierscheitelsatz', NULL),
(1758, 'vollkommene Gruppe', NULL),
(1759, 'vollkommener Körper', NULL),
(1760, 'vollständig (metrischer Raum, Verband)', 'Vollständig'),
(1761, 'vollständig normal', NULL),
(1762, 'vollständig regulär', NULL),
(1763, 'vollständige Induktion', 'Vollständige Induktion'),
(1764, 'Vollständigkeit', 'Vollständigkeit'),
(1765, 'Vollständigkeitsaxiom', 'Vollständigkeitsaxiom'),
(1766, 'Voronoi Diagramm', NULL),
(1767, 'Vorwärtsanalyse (Fehler)', NULL),
(1768, 'Vorwärtseinsetzen', NULL),
(1769, 'Vorzeichen', 'Vorzeichen'),
(1770, 'Wahrscheinlichkeitsmaß', 'Wahrscheinlichkeitsmaß'),
(1771, 'Wallisches Produkt', NULL),
(1772, 'Wärmeleitungsgleichung', 'Wärmeleitungsgleichung'),
(1773, 'Wegintegral (über beliebige Wege)', 'Wegintegral'),
(1774, 'Wegintegral (über Jordanbögen)', 'Wegintegral'),
(1775, 'wegzusammenhängend', 'Wegzusammenhängend'),
(1776, 'weiterleiten', NULL),
(1777, 'Wellengleichung', 'Wellengleichung'),
(1778, 'Wertebereich', 'Wertebereich'),
(1779, 'wesentliche Singularität', 'Wesentliche Singularität'),
(1780, 'windschiefe Geraden', 'Windschiefe Geraden'),
(1781, 'Winkel zur Achse', NULL),
(1782, 'Winkeltransformation', NULL),
(1783, 'wohldefiniert', 'Wohldefiniert'),
(1784, 'Wohlordnungssatz', 'Wohlordnungssatz'),
(1785, 'Wronski-Determinante', 'Wronski-Determinante'),
(1786, 'Wurzelkriterium', 'Wurzelkriterium'),
(1787, 'Wurzelzeichen', 'Wurzelzeichen'),
(1788, 'x-Achse', 'X-Achse'),
(1789, 'x-Koordinate', NULL),
(1790, 'y-Achse', 'Y-Achse'),
(1791, 'y-Koordinate', NULL),
(1792, 'z-Achse', 'Z-Achse'),
(1793, 'Zackenfunktion', NULL),
(1794, 'Zahlenfolge', 'Zahlenfolge'),
(1795, 'Zählmaß', 'Zählmaß'),
(1796, 'Zeilenäquilibrierung', 'Zeilenäquilibrierung'),
(1797, 'Zeilensummenkriterium', NULL),
(1798, 'Zeilensummennorm', NULL),
(1799, 'Zeilenvertauschung', NULL),
(1800, 'zellulare Automaten', 'Zellulare Automaten'),
(1801, 'zellularer Automat', NULL),
(1802, 'Zentillion', 'Zentillion'),
(1803, 'zentraler Grenzwertsatz', 'Zentraler Grenzwertsatz'),
(1804, 'Zentralisator', 'Zentralisator'),
(1805, 'Zentralprojektion', 'Zentralprojektion'),
(1806, 'Zerfällungskörper', 'Zerfällungskörper'),
(1807, 'Zerlegungserfahren', NULL),
(1808, 'Zielbereich', 'Zielbereich'),
(1809, 'ZPE-Ring (faktorieller Ring)', 'ZPE-Ring'),
(1810, 'zugeordnete Matrixnorm (einer V-Norm)', NULL),
(1811, 'zusammengesetzte Hypothese', NULL),
(1812, 'zusammenhängend', 'Zusammenhängend'),
(1813, 'Zusammenhangskomponente', 'Zusammenhangskomponente'),
(1814, 'zusammenziehbar', 'Zusammenziehbar'),
(1815, 'Zustandsdiagramm', 'Zustandsdiagramm'),
(1816, 'Zustandsgraph', 'Zustandsgraph'),
(1817, 'Zweibein', 'Zweibein'),
(1818, 'zweidimensionale Verteilung', NULL),
(1819, 'zweiseitig', NULL),
(1820, 'Zwischenkörper', 'Zwischenkörper'),
(1821, 'Zwischenwertsatz', 'Zwischenwertsatz'),
(1822, 'zyklische Permutation', NULL),
(1823, 'zyklischer Modul', NULL);

-- --------------------------------------------------------





DROP TABLE IF EXISTS `en_word`;
CREATE TABLE IF NOT EXISTS `en_word` (
  `id` smallint(6) NOT NULL AUTO_INCREMENT,
  `name` varchar(160) DEFAULT NULL,
  `wp_article` varchar(160) DEFAULT NULL,
  PRIMARY KEY (`id`),
  KEY `name_idx` (`name`)
) ENGINE=InnoDB  DEFAULT CHARSET=utf8 AUTO_INCREMENT=1812 ;





INSERT INTO `en_word` (`id`, `name`, `wp_article`) VALUES
(1, 'abstract', 'Abstract'),
(2, 'abelian', 'Abelian (mathematics)'),
(3, 'Abelian group', 'Abelian group'),
(4, 'above zero', NULL),
(5, 'abscissa', 'Abscissa'),
(6, 'absolute error', 'Absolute error'),
(7, 'absolute value', 'Absolute value'),
(8, 'absolutely continuous', 'Absolutely continuous'),
(9, 'absolutely convergent', 'Absolutely convergent'),
(10, 'acceptance', 'Acceptance'),
(11, 'accumulation point', 'Accumulation point'),
(12, 'accuracy', 'Accuracy'),
(13, 'action', 'Action'),
(14, 'acute angle', 'Acute angle'),
(15, 'addend', 'Addend'),
(16, 'addition', 'Addition'),
(17, 'adjacency matrix', 'Adjacency matrix'),
(18, 'adjacent angle', 'Adjacent angle'),
(19, 'adjoint', 'Adjoint'),
(20, 'adjoint equation', 'Adjoint equation'),
(21, 'adjoint mapping', NULL),
(22, 'adjoint matrix', 'Adjoint matrix'),
(23, 'adjoint operator', 'Adjoint operator'),
(24, 'adjunct', 'Adjunct'),
(25, 'admissible number', NULL),
(26, 'affine', 'Affine'),
(27, 'affine space', 'Affine space'),
(28, 'affine subspace', 'Affine subspace'),
(29, 'affine transformation', 'Affine transformation'),
(30, 'affinity', 'Affinity'),
(31, 'agonic lines', 'Agonic lines'),
(32, 'algebra', 'Algebra'),
(33, 'algebraic', 'Algebraic'),
(34, 'algebraic complement', NULL),
(35, 'algebraic element', 'Algebraic element'),
(36, 'algebraic field extension', 'Algebraic field extension'),
(37, 'algebraic function', 'Algebraic function'),
(38, 'algebraic number', 'Algebraic number'),
(39, 'algebraic sign', NULL),
(40, 'algebraic structure', 'Algebraic structure'),
(41, 'algebraically closed', 'Algebraically closed'),
(42, 'algebraically independent', 'Algebraically independent'),
(43, 'algorithm', 'Algorithm'),
(44, 'almost everywhere', 'Almost everywhere'),
(45, 'alternate angles', 'Alternate angles'),
(46, 'alternating', 'Alternating'),
(47, 'alternating group', 'Alternating group'),
(48, 'alternating tensor', 'Alternating tensor'),
(49, 'alternation theorem', NULL),
(50, 'alternative', 'Alternative'),
(51, 'altitude', 'Altitude'),
(52, 'analog computer', 'Analog computer'),
(53, 'analysis', 'Analysis'),
(54, 'analytic continuation', 'Analytic continuation'),
(55, 'analytic function', 'Analytic function'),
(56, 'analytic geometry', 'Analytic geometry'),
(57, 'analytic(al)', NULL),
(58, 'angle', 'Angle'),
(59, 'angle bisector', 'Angle bisector'),
(60, 'angular measure', 'Angular measure'),
(61, 'angular transformation', NULL),
(62, 'annihilator', 'Annihilator'),
(63, 'anomaly', 'Anomaly'),
(64, 'antiderivative', 'Antiderivative'),
(65, 'antiholomorphic', 'Antiholomorphic'),
(66, 'antisymmetric tensor', 'Antisymmetric tensor'),
(67, 'application', 'Application'),
(68, 'applied mathematics', 'Applied mathematics'),
(69, 'approximation', 'Approximation'),
(70, 'arabic numerals', 'Arabic numerals'),
(71, 'arbitrary', 'Arbitrary'),
(72, 'arc', 'Arc'),
(73, 'arc length', 'Arc length'),
(74, 'arcwise connected', 'Arcwise connected'),
(75, 'area', 'Area'),
(76, 'area of the circle', NULL),
(77, 'argand diagram', 'Argand diagram'),
(78, 'argand plane', 'Argand plane'),
(79, 'argument', 'Argument'),
(80, 'argumentation', 'Argumentation'),
(81, 'arithmetic function', 'Arithmetic function'),
(82, 'arithmetic mean', 'Arithmetic mean'),
(83, 'arms of the angle', NULL),
(84, 'artinian module', 'Artinian module'),
(85, 'ary', 'Ary'),
(86, 'assertion', 'Assertion'),
(87, 'assignment', 'Assignment'),
(88, 'associated', 'Associated'),
(89, 'associative', 'Associative'),
(90, 'associative law', 'Associative law'),
(91, 'associativity', 'Associativity'),
(92, 'astroid', 'Astroid'),
(93, 'asymptote', 'Asymptote'),
(94, 'asymptotic', 'Asymptotic'),
(95, 'atomic', 'Atomic'),
(96, 'augmented matrix', 'Augmented matrix'),
(97, 'automorphism', 'Automorphism'),
(98, 'autonomic(al)', NULL),
(99, 'auxiliary conditions', NULL),
(100, 'auxiliary variable', NULL),
(101, 'axiom', 'Axiom'),
(102, 'axiom of choice', 'Axiom of choice'),
(103, 'axiom of countability', 'Axiom of countability'),
(104, 'axis', 'Axis'),
(105, 'axis of coordinates', NULL),
(106, 'back substitution', 'Back substitution'),
(107, 'backward error analysis', NULL),
(108, 'Baire category theorem', 'Baire category theorem'),
(109, 'ball', 'Ball'),
(110, 'Banach fixed point theorem', 'Banach fixed point theorem'),
(111, 'Banach space', 'Banach space'),
(112, 'band matrix', 'Band matrix'),
(113, 'barycentric coordinates', 'Barycentric coordinates'),
(114, 'base', 'Base'),
(115, 'base angle', NULL),
(116, 'base step', NULL),
(117, 'basis', 'Basis'),
(118, 'basis transformation', NULL),
(119, 'behavior (of a function)', 'Behavior'),
(120, 'bell-shaped curve', 'Bell-shaped curve'),
(121, 'below zero', NULL),
(122, 'Bernoulli inequality', 'Bernoulli inequality'),
(123, 'Bernoulli number', 'Bernoulli number'),
(124, 'Bernoulli polynomial', 'Bernoulli polynomial'),
(125, 'Bernstein polynomial', 'Bernstein polynomial'),
(126, 'Bezier curve', 'Bezier curve'),
(127, 'bias', 'Bias'),
(128, 'bidual module', NULL),
(129, 'bidual vector space', NULL),
(130, 'biholomorphic', 'Biholomorphic'),
(131, 'bijection', 'Bijection'),
(132, 'bijective', 'Bijective'),
(133, 'bilinear', 'Bilinear'),
(134, 'bilinear form', 'Bilinear form'),
(135, 'bimorphism', 'Bimorphism'),
(136, 'binary', 'Binary'),
(137, 'binary expansion', 'Binary expansion'),
(138, 'binomial', 'Binomial'),
(139, 'binomial coefficient (n choose k)', 'Binomial coefficient'),
(140, 'binomial distribution', 'Binomial distribution'),
(141, 'binomial expansion', 'Binomial expansion'),
(142, 'binomial series', 'Binomial series'),
(143, 'binomial theorem', 'Binomial theorem'),
(144, 'binormal vector', 'Binormal vector'),
(145, 'bipartite graph', 'Bipartite graph'),
(146, 'bipod', 'Bipod'),
(147, 'birational', 'Birational'),
(148, 'bisection', 'Bisection'),
(149, 'bisection method', 'Bisection method'),
(150, 'block matrix', 'Block matrix'),
(151, 'boolean algebra', 'Boolean algebra'),
(152, 'bound', 'Bound'),
(153, 'bound vector', 'Bound vector'),
(154, 'boundary', 'Boundary'),
(155, 'boundary point', 'Boundary point'),
(156, 'boundary value', 'Boundary value'),
(157, 'boundary value problem', 'Boundary value problem'),
(158, 'bounded', 'Bounded'),
(159, 'bounded above', NULL),
(160, 'bounded below', NULL),
(161, 'bracket', 'Bracket'),
(162, 'branched covering', 'Branched covering'),
(163, 'branching', 'Branching'),
(164, 'buckling load', NULL),
(165, 'calculation', 'Calculation'),
(166, 'calculation of zeros of polynomials', NULL),
(167, 'calculus of observations', NULL),
(168, 'cancel', 'Cancel'),
(169, 'cancellation', 'Cancellation'),
(170, 'canonical', 'Canonical'),
(171, 'canonical basis', 'Canonical basis'),
(172, 'Cantor diagonal method', 'Cantor diagonal method'),
(173, 'cap', 'Cap'),
(174, 'cardinal number', 'Cardinal number'),
(175, 'cardinality', 'Cardinality'),
(176, 'Cartesian', 'Cartesian'),
(177, 'Cartesian coordinates', 'Cartesian coordinates'),
(178, 'cartesian product', 'Cartesian product'),
(179, 'category', 'Category'),
(180, 'cathet', NULL),
(181, 'Cauchy product', 'Cauchy product'),
(182, 'Cauchy sequence', 'Cauchy sequence'),
(183, 'Cauchy-Riemann equations', 'Cauchy-Riemann equations'),
(184, 'cellular automata', 'Cellular automata'),
(185, 'cellular automaton', 'Cellular automaton'),
(186, 'center', 'Center'),
(187, 'center line', 'Center line'),
(188, 'centillion', 'Centillion'),
(189, 'central angle', 'Central angle'),
(190, 'central limit theorem', 'Central limit theorem'),
(191, 'centralizer', 'Centralizer'),
(192, 'chain rule', 'Chain rule'),
(193, 'chaos', 'Chaos'),
(194, 'character', 'Character'),
(195, 'characteristic', 'Characteristic'),
(196, 'characteristic equation', 'Characteristic equation'),
(197, 'characteristic function', 'Characteristic function'),
(198, 'characteristic invariant', NULL),
(199, 'characteristic matrix', 'Characteristic matrix'),
(200, 'characteristic polynomial', 'Characteristic polynomial'),
(201, 'chart', 'Chart'),
(202, 'Chebyshev approximation', 'Chebyshev approximation'),
(203, 'Chebyshev polynomial', 'Chebyshev polynomial'),
(204, 'Chebyshev system', NULL),
(205, 'chi-square', 'Chi-square'),
(206, 'chi-squared distribution', 'Chi-squared distribution'),
(207, 'chinese remainder theorem', 'Chinese remainder theorem'),
(208, 'Cholesky decomposition', 'Cholesky decomposition'),
(209, 'Cholesky’s method', NULL),
(210, 'choose (n choose k)', 'Choose'),
(211, 'chord', 'Chord'),
(212, 'circle', 'Circle'),
(213, 'circumcircle', 'Circumcircle'),
(214, 'circumference', 'Circumference'),
(215, 'circumscribed circle', 'Circumscribed circle'),
(216, 'classic(al)', NULL),
(217, 'classical linear groups', NULL),
(218, 'closed', 'Closed'),
(219, 'closed map', 'Closed map'),
(220, 'closed real line', NULL),
(221, 'closed set', 'Closed set'),
(222, 'closure', 'Closure'),
(223, 'cluster point', 'Cluster point'),
(224, 'co-domain', 'Co-domain'),
(225, 'codimension', 'Codimension'),
(226, 'codomain', 'Codomain'),
(227, 'coefficient', 'Coefficient'),
(228, 'cokernel', 'Cokernel'),
(229, 'collineation', 'Collineation'),
(230, 'colon', 'Colon'),
(231, 'column', 'Column'),
(232, 'column interchange', NULL),
(233, 'column pivot search', NULL),
(234, 'column pivoting', NULL),
(235, 'column space', 'Column space'),
(236, 'column sum criterion', NULL),
(237, 'column vector', 'Column vector'),
(238, 'column-sum norm', NULL),
(239, 'combinatorics', 'Combinatorics'),
(240, 'common denominator', 'Common denominator'),
(241, 'common multiple', 'Common multiple'),
(242, 'commutative', 'Commutative'),
(243, 'commutative law', 'Commutative law'),
(244, 'commutator', 'Commutator'),
(245, 'compact', 'Compact'),
(246, 'compact convergence', 'Compact convergence'),
(247, 'compact operator', 'Compact operator'),
(248, 'compactification', 'Compactification'),
(249, 'compactness', 'Compactness'),
(250, 'comparison', 'Comparison'),
(251, 'comparison test', 'Comparison test'),
(252, 'compatible', 'Compatible'),
(253, 'complement', 'Complement'),
(254, 'complementary angle', 'Complementary angle'),
(255, 'complementary event', 'Complementary event'),
(256, 'complementary matrix', NULL),
(257, 'complete', 'Complete'),
(258, 'complete mathematical induction', NULL),
(259, 'complete pivoting', 'Complete pivoting'),
(260, 'completely normal', 'Completely normal'),
(261, 'completely regular', 'Completely regular'),
(262, 'completeness', 'Completeness'),
(263, 'completeness axiom', 'Completeness axiom'),
(264, 'completion', 'Completion'),
(265, 'complex', 'Complex'),
(266, 'complex conjugate', 'Complex conjugate'),
(267, 'complex manifold', 'Complex manifold'),
(268, 'complex number', 'Complex number'),
(269, 'complexification', 'Complexification'),
(270, 'complexification of a real vector space', NULL),
(271, 'complexity', 'Complexity'),
(272, 'complexity theory', 'Complexity theory'),
(273, 'component', 'Component'),
(274, 'composite hypothesis', NULL),
(275, 'composition', 'Composition'),
(276, 'composition law', NULL),
(277, 'concatenation', 'Concatenation'),
(278, 'concave', 'Concave'),
(279, 'concentric circles', 'Concentric circles'),
(280, 'conclusion', 'Conclusion'),
(281, 'condensation', 'Condensation'),
(282, 'condition', 'Condition'),
(283, 'condition number', 'Condition number'),
(284, 'conditional probability', 'Conditional probability'),
(285, 'conditionally convergent', 'Conditionally convergent'),
(286, 'conditionally positive definite', NULL),
(287, 'cone', 'Cone'),
(288, 'confidence interval', 'Confidence interval'),
(289, 'confidence level', 'Confidence level'),
(290, 'confidence region', 'Confidence region'),
(291, 'congruence', 'Congruence'),
(292, 'congruent', 'Congruent'),
(293, 'conic section', 'Conic section'),
(294, 'conjugate', 'Conjugate'),
(295, 'Conjugate Gradient Method', NULL),
(296, 'conjugate subgroup', NULL),
(297, 'conjugation', 'Conjugation'),
(298, 'conjunction', 'Conjunction'),
(299, 'conjunctive normal form', 'Conjunctive normal form'),
(300, 'connected', 'Connected'),
(301, 'connected component', 'Connected component'),
(302, 'consecutive', 'Consecutive'),
(303, 'consecutive vertices', NULL),
(304, 'consequently', NULL),
(305, 'consistency', 'Consistency'),
(306, 'constant', 'Constant'),
(307, 'constrained extremum', NULL),
(308, 'constructible function', 'Constructible function'),
(309, 'construction', 'Construction'),
(310, 'context-free grammar (CFG)', 'Context-free grammar'),
(311, 'context-free language', 'Context-free language'),
(312, 'context-sensitive grammar', 'Context-sensitive grammar'),
(313, 'context-sensitive language', 'Context-sensitive language'),
(314, 'continuation method', NULL),
(315, 'continued fraction', 'Continued fraction'),
(316, 'Continuity', 'Continuity'),
(317, 'continuity of the inverse operator', NULL),
(318, 'continuous', 'Continuous'),
(319, 'continuous distribution', 'Continuous distribution'),
(320, 'continuous from above', NULL),
(321, 'continuous from below', NULL),
(322, 'continuous from the left', NULL),
(323, 'continuous from the right', NULL),
(324, 'continuous function', 'Continuous function'),
(325, 'continuously differentiable', 'Continuously differentiable'),
(326, 'continuum', 'Continuum'),
(327, 'contractible', 'Contractible'),
(328, 'contracting map', NULL),
(329, 'contraction', 'Contraction'),
(330, 'contractive', NULL),
(331, 'contradiction', 'Contradiction'),
(332, 'contraposition', 'Contraposition'),
(333, 'contravariant functor', 'Contravariant functor'),
(334, 'convergence', 'Convergence'),
(335, 'convergence acceleration', 'Convergence acceleration'),
(336, 'convergence criterion', NULL),
(337, 'convergence in distribution', 'Convergence in distribution'),
(338, 'convergence in probability', 'Convergence in probability'),
(339, 'convergent', 'Convergent'),
(340, 'convex', 'Convex'),
(341, 'convex combination', 'Convex combination'),
(342, 'convex function', 'Convex function'),
(343, 'convex hull', 'Convex hull'),
(344, 'convex set', 'Convex set'),
(345, 'convolution', 'Convolution'),
(346, 'coordinate', 'Coordinate'),
(347, 'coordinate system', 'Coordinate system'),
(348, 'coprime', 'Coprime'),
(349, 'corollary', 'Corollary'),
(350, 'correlation', 'Correlation'),
(351, 'corresponding angles', 'Corresponding angles'),
(352, 'cosecant', 'Cosecant'),
(353, 'coset class', NULL),
(354, 'cosine', 'Cosine'),
(355, 'cosines law', 'Cosines law'),
(356, 'cotangent', 'Cotangent'),
(357, 'countable', 'Countable'),
(358, 'countably infinite', 'Countably infinite'),
(359, 'counter clockwise (CCW)', 'Counter clockwise'),
(360, 'counter-example', 'Counter-example'),
(361, 'counting measure', 'Counting measure'),
(362, 'covariance', 'Covariance'),
(363, 'covariant functor', 'Covariant functor'),
(364, 'cover', 'Cover'),
(365, 'covering', 'Covering'),
(366, 'Cramer’s rule', 'Cramer’s rule'),
(367, 'criterion (pl. criteria)', 'Criterion'),
(368, 'critical', 'Critical'),
(369, 'critical point', 'Critical point'),
(370, 'cross product', 'Cross product'),
(371, 'cross ratio', 'Cross ratio'),
(372, 'cross-sectional view', NULL),
(373, 'cube', 'Cube'),
(374, 'cubic spline', 'Cubic spline'),
(375, 'cuboid', 'Cuboid'),
(376, 'curvature', 'Curvature'),
(377, 'curve', 'Curve'),
(378, 'curved surface', NULL),
(379, 'cusp', 'Cusp'),
(380, 'cycle', 'Cycle'),
(381, 'cyclic group', 'Cyclic group'),
(382, 'cyclic module', 'Cyclic module'),
(383, 'cyclic permutation', 'Cyclic permutation'),
(384, 'cycloid', 'Cycloid'),
(385, 'cyclotomic polynomial', 'Cyclotomic polynomial'),
(386, 'cylinder', 'Cylinder'),
(387, 'damping', 'Damping'),
(388, 'data', 'Data'),
(389, 'data-dependent', 'Data-dependent'),
(390, 'decidable', 'Decidable'),
(391, 'decimal expansion', 'Decimal expansion'),
(392, 'decimal fraction', 'Decimal fraction'),
(393, 'decimal place', 'Decimal place'),
(394, 'decimal system', 'Decimal system'),
(395, 'decision problem', 'Decision problem'),
(396, 'decomposable', 'Decomposable'),
(397, 'decomposition', 'Decomposition'),
(398, 'decomposition into triangular matrices', NULL),
(399, 'decomposition method', 'Decomposition method'),
(400, 'decreasing', 'Decreasing'),
(401, 'decrement', 'Decrement'),
(402, 'Dedekind cut', 'Dedekind cut'),
(403, 'definite', 'Definite'),
(404, 'definite integral', 'Definite integral'),
(405, 'definition', 'Definition'),
(406, 'deflation', 'Deflation'),
(407, 'degree', 'Degree'),
(408, 'degree of freedom', 'Degree of freedom'),
(409, 'Delaunay triangulation', 'Delaunay triangulation'),
(410, 'denominator', 'Denominator'),
(411, 'dense', 'Dense'),
(412, 'density', 'Density'),
(413, 'density function', 'Density function'),
(414, 'derivative', 'Derivative'),
(415, 'derivative matrix', NULL),
(416, 'determinant', 'Determinant'),
(417, 'deterministic', 'Deterministic'),
(418, 'deterministic finite automata (DFA)', 'Deterministic finite automata'),
(419, 'deterministic finite automaton (DFA)', 'Deterministic finite automaton'),
(420, 'diagonal', 'Diagonal'),
(421, 'diagonal matrix', 'Diagonal matrix'),
(422, 'diagonalizable', 'Diagonalizable'),
(423, 'diagonalization', 'Diagonalization'),
(424, 'diagonally dominant', 'Diagonally dominant'),
(425, 'diagram', 'Diagram'),
(426, 'diameter', 'Diameter'),
(427, 'diffeomorphism', 'Diffeomorphism'),
(428, 'difference', 'Difference'),
(429, 'difference quotient', 'Difference quotient'),
(430, 'difference scheme', NULL),
(431, 'differentiability', 'Differentiability'),
(432, 'differentiable', 'Differentiable'),
(433, 'differentiable from above', NULL),
(434, 'differentiable from below', NULL),
(435, 'differentiable from the left', NULL),
(436, 'differentiable from the right', NULL),
(437, 'differentiable manifold', 'Differentiable manifold'),
(438, 'differentiable with respect to a complex variable', NULL),
(439, 'differential', 'Differential'),
(440, 'differential calculus', 'Differential calculus'),
(441, 'differential form', 'Differential form'),
(442, 'differential operator', 'Differential operator'),
(443, 'differentiation', 'Differentiation'),
(444, 'digital computer', 'Digital computer'),
(445, 'dihedral group', 'Dihedral group'),
(446, 'dilation', 'Dilation'),
(447, 'dimension', 'Dimension'),
(448, 'dimension formula', NULL),
(449, 'Dirac measure', 'Dirac measure'),
(450, 'direct', 'Direct'),
(451, 'direct product', 'Direct product'),
(452, 'direct sum', 'Direct sum'),
(453, 'directional derivative', 'Directional derivative'),
(454, 'discontinuous', 'Discontinuous'),
(455, 'discontinuum', NULL),
(456, 'discrete', 'Discrete'),
(457, 'discretization', 'Discretization'),
(458, 'discriminant', 'Discriminant'),
(459, 'disjoint', 'Disjoint'),
(460, 'disjoint events', NULL),
(461, 'disjoint union topology', 'Disjoint union topology'),
(462, 'disjunction', 'Disjunction'),
(463, 'disjunctive normal form', 'Disjunctive normal form'),
(464, 'disk', 'Disk'),
(465, 'dispersion', 'Dispersion'),
(466, 'distance', 'Distance'),
(467, 'distribution', 'Distribution'),
(468, 'distribution function', 'Distribution function'),
(469, 'distributive', 'Distributive'),
(470, 'distributive law', 'Distributive law'),
(471, 'Distributivity', 'Distributivity'),
(472, 'divergence', 'Divergence'),
(473, 'divergent', 'Divergent'),
(474, 'divisibility', 'Divisibility'),
(475, 'division (by zero)', 'Division'),
(476, 'division algebra', 'Division algebra'),
(477, 'division with remainder', NULL),
(478, 'divisor', 'Divisor'),
(479, 'dodecahedron', 'Dodecahedron'),
(480, 'domain', 'Domain'),
(481, 'dominated convergence', 'Dominated convergence'),
(482, 'dot product', 'Dot product'),
(483, 'double cross ratio', NULL),
(484, 'double integral', 'Double integral'),
(485, 'double series', NULL),
(486, 'dual basis', 'Dual basis'),
(487, 'dual module', NULL),
(488, 'dual number', 'Dual number'),
(489, 'dual space', 'Dual space'),
(490, 'dual system', NULL),
(491, 'dual vector space', 'Dual vector space'),
(492, 'duality', 'Duality'),
(493, 'dyad', 'Dyad'),
(494, 'dyary fraction', NULL),
(495, 'eccentric', 'Eccentric'),
(496, 'eccentricity', 'Eccentricity'),
(497, 'echelon form', 'Echelon form'),
(498, 'edge', 'Edge'),
(499, 'effective', 'Effective'),
(500, 'efficiency', 'Efficiency'),
(501, 'egg shaped curve', NULL),
(502, 'eigenfrequency', 'Eigenfrequency'),
(503, 'eigenspace', 'Eigenspace'),
(504, 'eigenvalue', 'Eigenvalue'),
(505, 'eigenvalue problem', NULL),
(506, 'eigenvector', 'Eigenvector'),
(507, 'element', 'Element'),
(508, 'elementary', 'Elementary'),
(509, 'elementary divisor', 'Elementary divisor'),
(510, 'elementary filter', NULL),
(511, 'elementary symmetric polynomial', 'Elementary symmetric polynomial'),
(512, 'elimination', 'Elimination'),
(513, 'elimination method', NULL),
(514, 'ellipse', 'Ellipse'),
(515, 'ellipsoid', 'Ellipsoid'),
(516, 'elliptical', 'Elliptical'),
(517, 'elliptically', NULL),
(518, 'empirical expectation value', NULL),
(519, 'empirical variance', NULL),
(520, 'empty set', 'Empty set'),
(521, 'end point', 'End point'),
(522, 'endomorphism', 'Endomorphism'),
(523, 'entire function', 'Entire function'),
(524, 'entry', 'Entry'),
(525, 'enumerable', 'Enumerable'),
(526, 'envelope', 'Envelope'),
(527, 'epicycloid', 'Epicycloid'),
(528, 'epimorphism', 'Epimorphism'),
(529, 'equal', 'Equal'),
(530, 'equation', 'Equation'),
(531, 'equicontinuous', 'Equicontinuous'),
(532, 'equidistant', 'Equidistant'),
(533, 'equidistant projection', NULL),
(534, 'equilateral triangle', 'Equilateral triangle'),
(535, 'equilibration', 'Equilibration'),
(536, 'equipotent', 'Equipotent'),
(537, 'equivalence', 'Equivalence'),
(538, 'equivalence class', 'Equivalence class'),
(539, 'equivalence relation', 'Equivalence relation'),
(540, 'equivalent in the wider sense', NULL),
(541, 'ergodic theorem', 'Ergodic theorem'),
(542, 'ergodic theory', 'Ergodic theory'),
(543, 'error', 'Error'),
(544, 'error analysis', 'Error analysis'),
(545, 'error bound', NULL),
(546, 'error estimate', NULL),
(547, 'error law', NULL),
(548, 'error of first / second kind', NULL),
(549, 'essential singularity', 'Essential singularity'),
(550, 'estimate', 'Estimate'),
(551, 'estimation', 'Estimation'),
(552, 'Euclidean', 'Euclidean'),
(553, 'Euclidean algorithm', 'Euclidean algorithm'),
(554, 'euclidean ring', 'Euclidean ring'),
(555, 'euclidean space', 'Euclidean space'),
(556, 'Euler’s buckling load', NULL),
(557, 'Euler’s totient function', NULL),
(558, 'even', 'Even'),
(559, 'even function', 'Even function'),
(560, 'even number', 'Even number'),
(561, 'even permutation', 'Even permutation'),
(562, 'event', 'Event'),
(563, 'evolute', 'Evolute'),
(564, 'exact differential form', 'Exact differential form'),
(565, 'exactly when', NULL),
(566, 'excircle', 'Excircle'),
(567, 'existence', 'Existence'),
(568, 'existential quantifier', 'Existential quantifier'),
(569, 'exists', 'Exists'),
(570, 'expansion', 'Expansion'),
(571, 'expectation', 'Expectation'),
(572, 'expectation value', 'Expectation value'),
(573, 'expected value', 'Expected value'),
(574, 'explicit', 'Explicit'),
(575, 'exponent', 'Exponent'),
(576, 'exponential distribution', 'Exponential distribution'),
(577, 'exponential function', 'Exponential function'),
(578, 'exponential series', NULL),
(579, 'exterior algebra', 'Exterior algebra'),
(580, 'exterior angle', 'Exterior angle'),
(581, 'exterior derivative', 'Exterior derivative'),
(582, 'extrapolation', 'Extrapolation'),
(583, 'extremum', 'Extremum'),
(584, 'extremum with auxiliary conditions', NULL),
(585, 'f-prime (f’)', NULL),
(586, 'factor', 'Factor'),
(587, 'factor group', 'Factor group'),
(588, 'factor module', 'Factor module'),
(589, 'factor ring', 'Factor ring'),
(590, 'factorial', 'Factorial'),
(591, 'false', 'False'),
(592, 'family', 'Family'),
(593, 'fast Fourier transform (FFT)', 'Fast Fourier transform'),
(594, 'Feuerbach circle', 'Feuerbach circle'),
(595, 'fiber', 'Fiber'),
(596, 'field', 'Field'),
(597, 'field extension', 'Field extension'),
(598, 'figure', 'Figure'),
(599, 'filter', 'Filter'),
(600, 'filter basis', NULL),
(601, 'finite', 'Finite'),
(602, 'finite subcover', 'Finite subcover'),
(603, 'finite-difference-method', NULL),
(604, 'finite-dimensional', 'Finite-dimensional'),
(605, 'finite-elemente-method', NULL),
(606, 'finitely generated', 'Finitely generated'),
(607, 'fixed-point', 'Fixed-point'),
(608, 'fixed vector', NULL),
(609, 'fixed-point arithmetic', 'Fixed-point arithmetic'),
(610, 'fixed-point number', 'Fixed-point number'),
(611, 'fixed-point representation', NULL),
(612, 'fixed-point theorem', 'Fixed-point theorem'),
(613, 'flag', 'Flag'),
(614, 'floating-point arithmetic', 'Floating-point arithmetic'),
(615, 'floating-point number', 'Floating-point number'),
(616, 'floating-point representation', NULL),
(617, 'focal point', 'Focal point'),
(618, 'focused perspective', NULL),
(619, 'for all', 'For all'),
(620, 'formal language', 'Formal language'),
(621, 'formal power series', 'Formal power series'),
(622, 'formula', 'Formula'),
(623, 'forward', 'Forward'),
(624, 'forward error analysis', NULL),
(625, 'forward substitution', 'Forward substitution'),
(626, 'four-vertex theorem', 'Four-vertex theorem'),
(627, 'Fourier series', 'Fourier series'),
(628, 'Fourier transform', 'Fourier transform'),
(629, 'fractile', 'Fractile'),
(630, 'fraction', 'Fraction'),
(631, 'fractional', 'Fractional'),
(632, 'fractional linear transformation', 'Fractional linear transformation'),
(633, 'free', 'Free'),
(634, 'free abelian group', 'Free abelian group'),
(635, 'Frenet trihedron', 'Frenet trihedron'),
(636, 'Frobenius norm', 'Frobenius norm'),
(637, 'frontier', 'Frontier'),
(638, 'frustrum of a cone', NULL),
(639, 'full angle', NULL),
(640, 'full pivoting', NULL),
(641, 'function', 'Function'),
(642, 'functional', 'Functional'),
(643, 'functor', 'Functor'),
(644, 'fundamental', 'Fundamental'),
(645, 'fundamental form', NULL),
(646, 'fundamental group', 'Fundamental group'),
(647, 'fundamental system of neighbourhoods', NULL),
(648, 'fundamental theorem', 'Fundamental theorem'),
(649, 'fundamental theorem of algebra', 'Fundamental theorem of algebra'),
(650, 'fundamental theorem of calculus', 'Fundamental theorem of calculus'),
(651, 'Galois theory', 'Galois theory'),
(652, 'game theory', 'Game theory'),
(653, 'gamma function', 'Gamma function'),
(654, 'Gauss-Jordan method', NULL),
(655, 'Gauss-Seidel method', 'Gauss-Seidel method'),
(656, 'Gaussian', 'Gaussian'),
(657, 'Gaussian brackets', NULL),
(658, 'Gaussian distribution', 'Gaussian distribution'),
(659, 'Gaussian elimination', 'Gaussian elimination'),
(660, 'Gaussian integer', 'Gaussian integer'),
(661, 'Gaussian quadrature', 'Gaussian quadrature'),
(662, 'gcd (greatest common divisor)', 'Gcd'),
(663, 'general', 'General'),
(664, 'general linear group', 'General linear group'),
(665, 'general quantifier', NULL),
(666, 'generating function', 'Generating function'),
(667, 'generating grammar', NULL),
(668, 'generating system', NULL),
(669, 'geometric', 'Geometric'),
(670, 'geometric contraction', NULL),
(671, 'geometric distribution', 'Geometric distribution'),
(672, 'geometric series', 'Geometric series'),
(673, 'geometry', 'Geometry'),
(674, 'germ', 'Germ'),
(675, 'germ of a function', 'Germ of a function'),
(676, 'Givens rotation', 'Givens rotation'),
(677, 'global', 'Global'),
(678, 'global extremum', 'Global extremum'),
(679, 'global maximum', 'Global maximum'),
(680, 'global minimum', 'Global minimum'),
(681, 'Gödel’s incompleteness theorem', NULL),
(682, 'golden ratio', 'Golden ratio'),
(683, 'gon', 'Gon'),
(684, 'gradient', 'Gradient'),
(685, 'Gram matrix', 'Gram matrix'),
(686, 'Gram-Schmidt orthonormalization', 'Gram-Schmidt orthonormalization'),
(687, 'graph', 'Graph'),
(688, 'graph theory', 'Graph theory'),
(689, 'greater than', 'Greater than'),
(690, 'greatest common divisor (gcd)', 'Greatest common divisor'),
(691, 'greatest common factor', 'Greatest common factor'),
(692, 'greatest lower bound', 'Greatest lower bound'),
(693, 'grid point', NULL),
(694, 'group', 'Group'),
(695, 'guideline', 'Guideline'),
(696, 'half line', 'Half line'),
(697, 'half-open', NULL),
(698, 'half-plane', 'Half-plane'),
(699, 'half-space', 'Half-space'),
(700, 'Haltproblem', NULL),
(701, 'harmonic', 'Harmonic'),
(702, 'harmonic function', 'Harmonic function'),
(703, 'harmonic series', 'Harmonic series'),
(704, 'Hausdorff space', 'Hausdorff space'),
(705, 'heat conduction equation', NULL),
(706, 'heat equation', 'Heat equation'),
(707, 'height', 'Height'),
(708, 'helix', 'Helix'),
(709, 'hemisphere', 'Hemisphere'),
(710, 'Hermite interpolation', 'Hermite interpolation'),
(711, 'Hermite polynomial', 'Hermite polynomial'),
(712, 'Hermitian form', 'Hermitian form'),
(713, 'Hermitian matrix', 'Hermitian matrix'),
(714, 'Hessenberg decomposition', NULL),
(715, 'Hessenberg form', 'Hessenberg form'),
(716, 'Hessenberg matrix', 'Hessenberg matrix'),
(717, 'hessian', 'Hessian'),
(718, 'hessian normal form', NULL),
(719, 'hexagon', 'Hexagon'),
(720, 'hexagram', 'Hexagram'),
(721, 'Hilbert basis', 'Hilbert basis'),
(722, 'Hilbert curve', 'Hilbert curve'),
(723, 'Hilbert function', 'Hilbert function'),
(724, 'Hilbert matrix', 'Hilbert matrix'),
(725, 'Hilbert polynomial', 'Hilbert polynomial'),
(726, 'Hilbert space', 'Hilbert space'),
(727, 'Hilbert symbol', 'Hilbert symbol'),
(728, 'Hilbert-Schmidt norm', 'Hilbert-Schmidt norm'),
(729, 'homeogeneous coordinates', NULL),
(730, 'homeogeneous polynomial', NULL),
(731, 'homeomorphism', 'Homeomorphism'),
(732, 'homogeneous', 'Homogeneous'),
(733, 'homogeneous system', 'Homogeneous system'),
(734, 'homomorph', NULL),
(735, 'homomorphism', 'Homomorphism'),
(736, 'homotopic', 'Homotopic'),
(737, 'homotopy group', 'Homotopy group'),
(738, 'Horner’s method', NULL),
(739, 'Householder matrix', 'Householder matrix'),
(740, 'Householder transformation', 'Householder transformation'),
(741, 'Householder’s method', NULL),
(742, 'hyperbola', 'Hyperbola'),
(743, 'hyperbolic', 'Hyperbolic'),
(744, 'hyperbolic cosecant', 'Hyperbolic cosecant'),
(745, 'hyperbolic cosine', 'Hyperbolic cosine'),
(746, 'hyperbolic cotangent', 'Hyperbolic cotangent'),
(747, 'hyperbolic functions', 'Hyperbolic functions'),
(748, 'hyperbolic secant', 'Hyperbolic secant'),
(749, 'hyperbolic sine', 'Hyperbolic sine'),
(750, 'hyperbolic tangent', 'Hyperbolic tangent'),
(751, 'hypergeometric distribution', 'Hypergeometric distribution'),
(752, 'hyperplane', 'Hyperplane'),
(753, 'hyperplane reflection', NULL),
(754, 'hypocycloid', 'Hypocycloid'),
(755, 'hypotenuse', 'Hypotenuse'),
(756, 'hypothesis', 'Hypothesis'),
(757, 'icosahedron', 'Icosahedron'),
(758, 'icosidodecahedron', 'Icosidodecahedron'),
(759, 'ideal', 'Ideal'),
(760, 'identical', 'Identical'),
(761, 'identification topology', NULL),
(762, 'identity', 'Identity'),
(763, 'identity element (I)', 'Identity element'),
(764, 'identity matrix (I)', 'Identity matrix'),
(765, 'identity theorem', 'Identity theorem'),
(766, 'if and only if', 'If and only if'),
(767, 'ill-conditioned', 'Ill-conditioned'),
(768, 'Im(f)', NULL),
(769, 'image', 'Image'),
(770, 'image set', NULL),
(771, 'imaginary', 'Imaginary'),
(772, 'imaginary part', 'Imaginary part'),
(773, 'implication', 'Implication'),
(774, 'implicit', 'Implicit'),
(775, 'implicit function', 'Implicit function'),
(776, 'implicit function theorem', 'Implicit function theorem'),
(777, 'improper fraction', 'Improper fraction'),
(778, 'improper integral', 'Improper integral'),
(779, 'in-plane', NULL),
(780, 'incircle', 'Incircle'),
(781, 'inclined plane', 'Inclined plane'),
(782, 'included angle', 'Included angle'),
(783, 'increasing', 'Increasing'),
(784, 'indecomposable', 'Indecomposable'),
(785, 'indefinite', 'Indefinite'),
(786, 'indefinite integral', 'Indefinite integral'),
(787, 'independence', 'Independence'),
(788, 'indeterminate', 'Indeterminate'),
(789, 'index of nilpotence', NULL),
(790, 'index set', 'Index set'),
(791, 'indicator', 'Indicator'),
(792, 'indicator function', 'Indicator function'),
(793, 'induced topology', 'Induced topology'),
(794, 'induction', 'Induction'),
(795, 'induction hypothesis', 'Induction hypothesis'),
(796, 'induction step', NULL),
(797, 'inductive', 'Inductive'),
(798, 'inductive step', NULL),
(799, 'inductively generated topology', NULL),
(800, 'inequality', 'Inequality'),
(801, 'inequality of Schwarz', NULL),
(802, 'infimum', 'Infimum'),
(803, 'infimum limit', 'Infimum limit'),
(804, 'infinite', 'Infinite'),
(805, 'Infinite Set', NULL),
(806, 'infinite-dimensional', NULL),
(807, 'infinity', 'Infinity'),
(808, 'inflection point', 'Inflection point'),
(809, 'inhomogeneity', NULL),
(810, 'initial value', 'Initial value'),
(811, 'initial value problem', 'Initial value problem'),
(812, 'injection', 'Injection'),
(813, 'injective', 'Injective'),
(814, 'inner automorphism', 'Inner automorphism'),
(815, 'inner product', 'Inner product'),
(816, 'input', 'Input'),
(817, 'input data', NULL),
(818, 'input data error', NULL),
(819, 'inscribed angle', 'Inscribed angle'),
(820, 'inscribed circle', 'Inscribed circle'),
(821, 'instability', 'Instability'),
(822, 'instable', NULL),
(823, 'integer', 'Integer'),
(824, 'integrable', 'Integrable'),
(825, 'integral', 'Integral'),
(826, 'integral calculus', 'Integral calculus'),
(827, 'integral sign', 'Integral sign'),
(828, 'integration', 'Integration'),
(829, 'integration by parts', 'Integration by parts'),
(830, 'interior', 'Interior'),
(831, 'interior point', 'Interior point'),
(832, 'intermediate field', 'Intermediate field'),
(833, 'intermediate value', 'Intermediate value'),
(834, 'intermediate value theorem', 'Intermediate value theorem'),
(835, 'interpolation', 'Interpolation'),
(836, 'interpretation', 'Interpretation'),
(837, 'intersection', 'Intersection'),
(838, 'intersection (of sets)', 'Intersection'),
(839, 'interval', 'Interval'),
(840, 'interval arithmetic', 'Interval arithmetic'),
(841, 'Interval Bisection', NULL),
(842, 'interval estimation', 'Interval estimation'),
(843, 'invariant', 'Invariant'),
(844, 'invariant subspace', 'Invariant subspace'),
(845, 'inverse', 'Inverse'),
(846, 'inverse cosecant', 'Inverse cosecant'),
(847, 'inverse cosine', 'Inverse cosine'),
(848, 'inverse cotangent', 'Inverse cotangent'),
(849, 'inverse function', 'Inverse function'),
(850, 'inverse hyperbolic cosecant', 'Inverse hyperbolic cosecant'),
(851, 'inverse hyperbolic cosine', 'Inverse hyperbolic cosine'),
(852, 'inverse hyperbolic cotangent', 'Inverse hyperbolic cotangent'),
(853, 'inverse hyperbolic functions', 'Inverse hyperbolic functions'),
(854, 'inverse hyperbolic secant', 'Inverse hyperbolic secant'),
(855, 'inverse hyperbolic sine', 'Inverse hyperbolic sine'),
(856, 'inverse hyperbolic tangent', 'Inverse hyperbolic tangent'),
(857, 'inverse image', 'Inverse image'),
(858, 'inverse map', 'Inverse map'),
(859, 'inverse mapping theorem', 'Inverse mapping theorem'),
(860, 'inverse secant', 'Inverse secant'),
(861, 'inverse sine', 'Inverse sine'),
(862, 'inverse tangent', 'Inverse tangent'),
(863, 'inverse trigonometric functions', 'Inverse trigonometric functions'),
(864, 'inversion', 'Inversion'),
(865, 'invertible', 'Invertible'),
(866, 'Investigation', 'Investigation'),
(867, 'involute', 'Involute'),
(868, 'involution', 'Involution'),
(869, 'irrational', 'Irrational'),
(870, 'irrational number', 'Irrational number'),
(871, 'irrationality', 'Irrationality'),
(872, 'irreducible', 'Irreducible'),
(873, 'isolated', 'Isolated'),
(874, 'isolated point', 'Isolated point'),
(875, 'isometric', 'Isometric'),
(876, 'isometry', 'Isometry'),
(877, 'isomorphic', 'Isomorphic'),
(878, 'isomorphism', 'Isomorphism'),
(879, 'isosceles triangle', 'Isosceles triangle'),
(880, 'isotropic', 'Isotropic'),
(881, 'iteration', 'Iteration'),
(882, 'iteration matrix', NULL),
(883, 'iteration method', NULL),
(884, 'iterative method', 'Iterative method'),
(885, 'jacobian', 'Jacobian'),
(886, 'Jacobian matrix', 'Jacobian matrix'),
(887, 'jagged function', NULL),
(888, 'Jensen’s formula', NULL),
(889, 'Jensen’s inequality', NULL),
(890, 'join of two spaces', NULL),
(891, 'joint distribution', 'Joint distribution'),
(892, 'Jordan basis', NULL),
(893, 'Jordan block', 'Jordan block'),
(894, 'Jordan canonical form', 'Jordan canonical form'),
(895, 'Jordan curve', 'Jordan curve'),
(896, 'Jordan curve theorem', 'Jordan curve theorem'),
(897, 'Jordan form', 'Jordan form'),
(898, 'jump discontinuity', 'Jump discontinuity'),
(899, 'just if', NULL),
(900, 'Ker(f)', NULL),
(901, 'kernel', 'Kernel'),
(902, 'Kleene closure', 'Kleene closure'),
(903, 'Kleinian group', 'Kleinian group'),
(904, 'knot', 'Knot'),
(905, 'Lagrange multiplier', 'Lagrange multiplier'),
(906, 'Lagrange Polynomial', NULL),
(907, 'Lagrange’s equation', NULL),
(908, 'Lagrange’s interpolation formula', NULL),
(909, 'Lagrangian function', 'Lagrangian function'),
(910, 'Laguerre equation', 'Laguerre equation'),
(911, 'Landau symbol', 'Landau symbol'),
(912, 'Laplace distribution', 'Laplace distribution'),
(913, 'Laplace expansion of a determinant', NULL),
(914, 'Laplace operator', 'Laplace operator'),
(915, 'Laplace’s Equation', NULL),
(916, 'laplacian', 'Laplacian'),
(917, 'lattice', 'Lattice'),
(918, 'Laurent series', 'Laurent series'),
(919, 'law', 'Law'),
(920, 'law of cosines', 'Law of cosines'),
(921, 'law of sines', 'Law of sines'),
(922, 'laws of large numbers', 'Laws of large numbers'),
(923, 'lcm (least common multiple)', 'Lcm'),
(924, 'leading zero', 'Leading zero'),
(925, 'least common multiple (lcm)', 'Least common multiple'),
(926, 'least squares method', 'Least squares method'),
(927, 'least upper bound', 'Least upper bound'),
(928, 'Lebesgue measure', 'Lebesgue measure'),
(929, 'left-continuous', 'Left-continuous'),
(930, 'left-hand limit', NULL),
(931, 'leg', 'Leg'),
(932, 'Legendre differential equation', NULL),
(933, 'Legendre normal form', NULL),
(934, 'Legendre Polynomial', NULL),
(935, 'Legendre symbol', 'Legendre symbol'),
(936, 'Leibniz criterion', 'Leibniz criterion'),
(937, 'lemma', 'Lemma'),
(938, 'length', 'Length'),
(939, 'less than', 'Less than'),
(940, 'level', 'Level'),
(941, 'level curve', 'Level curve'),
(942, 'Levi-Civita Tensor', NULL),
(943, 'lexicographic order', 'Lexicographic order'),
(944, 'Lie algebra', 'Lie algebra'),
(945, 'likelihood', 'Likelihood'),
(946, 'likelihood function', 'Likelihood function'),
(947, 'Likelihood Ratio', NULL),
(948, 'Likelihood-Ratio Test', NULL),
(949, 'limit', 'Limit'),
(950, 'limit point', 'Limit point'),
(951, 'limit theorem', 'Limit theorem'),
(952, 'limit theorems', 'Limit theorems'),
(953, 'line', 'Line'),
(954, 'line integral', 'Line integral'),
(955, 'line of intersection', NULL),
(956, 'linear', 'Linear'),
(957, 'linear algebra', 'Linear algebra'),
(958, 'linear combination', 'Linear combination'),
(959, 'linear dependence', 'Linear dependence'),
(960, 'linear form', 'Linear form'),
(961, 'linear fractional transformation', 'Linear fractional transformation'),
(962, 'linear independence', 'Linear independence'),
(963, 'linear map', 'Linear map'),
(964, 'linear optimization', 'Linear optimization'),
(965, 'linear programming', 'Linear programming'),
(966, 'linear system of equations', 'Linear system of equations'),
(967, 'linear transformation', 'Linear transformation'),
(968, 'linearly dependent', 'Linearly dependent'),
(969, 'linearly independent', 'Linearly independent'),
(970, 'local coordinates', 'Local coordinates'),
(971, 'local extremum', 'Local extremum'),
(972, 'local maximum', 'Local maximum'),
(973, 'local minimum', 'Local minimum'),
(974, 'local ring', 'Local ring'),
(975, 'locally arcwise connected', NULL),
(976, 'locally compact', 'Locally compact'),
(977, 'locally connected', 'Locally connected'),
(978, 'locally convex', 'Locally convex'),
(979, 'locally finite', 'Locally finite'),
(980, 'locally pathwise connected', NULL),
(981, 'locus', 'Locus'),
(982, 'logarithm', 'Logarithm'),
(983, 'lower bound', 'Lower bound'),
(984, 'lower limit', 'Lower limit'),
(985, 'lower sum', 'Lower sum'),
(986, 'lower triangular matrix', 'Lower triangular matrix'),
(987, 'LU decomposition', 'LU decomposition'),
(988, 'machine accuracy', NULL),
(989, 'machine number', NULL),
(990, 'manifold', 'Manifold'),
(991, 'map', 'Map'),
(992, 'mapping', 'Mapping'),
(993, 'marginal distribution', 'Marginal distribution'),
(994, 'Markov chain', 'Markov chain'),
(995, 'math', 'Math'),
(996, 'mathematical induction', 'Mathematical induction'),
(997, 'mathematics', 'Mathematics'),
(998, 'maths', 'Maths'),
(999, 'matrix (pl. matriices)', 'Matrix'),
(1000, 'matrix diagonalization', 'Matrix diagonalization'),
(1001, 'matrix inverse', 'Matrix inverse'),
(1002, 'matrix norm', 'Matrix norm'),
(1003, 'matrix norm subordinate to the v. n.', NULL),
(1004, 'matrix transpose', 'Matrix transpose'),
(1005, 'maximal ideal', 'Maximal ideal'),
(1006, 'maximum', 'Maximum'),
(1007, 'maximum likelihood', 'Maximum likelihood'),
(1008, 'maximum likelihood estimation', 'Maximum likelihood estimation'),
(1009, 'maximum modulus principle', 'Maximum modulus principle'),
(1010, 'mean curvature', 'Mean curvature'),
(1011, 'mean deviation', 'Mean deviation'),
(1012, 'mean square deviation', NULL),
(1013, 'mean value', 'Mean value'),
(1014, 'mean value theorem', 'Mean value theorem'),
(1015, 'mean value theorem for integrals', NULL),
(1016, 'measurable', 'Measurable'),
(1017, 'measurable space', 'Measurable space'),
(1018, 'measure', 'Measure'),
(1019, 'measure space', 'Measure space'),
(1020, 'median', 'Median'),
(1021, 'median point', NULL),
(1022, 'meromorphic', 'Meromorphic'),
(1023, 'mesh point', NULL),
(1024, 'method', 'Method'),
(1025, 'method error', NULL),
(1026, 'method of false position', 'Method of false position'),
(1027, 'metric', 'Metric'),
(1028, 'metric space', 'Metric space'),
(1029, 'metrizable', 'Metrizable'),
(1030, 'midpoint', 'Midpoint'),
(1031, 'midpoint rule', 'Midpoint rule'),
(1032, 'minimal polynomial', 'Minimal polynomial'),
(1033, 'minimum', 'Minimum'),
(1034, 'Minkowski metric', 'Minkowski metric'),
(1035, 'Minkowski Space', 'Minkowski Space'),
(1036, 'minor', 'Minor'),
(1037, 'minor axis', 'Minor axis'),
(1038, 'minuend', 'Minuend'),
(1039, 'model', 'Model'),
(1040, 'module', 'Module'),
(1041, 'modulus', 'Modulus'),
(1042, 'modulus of continuity', 'Modulus of continuity'),
(1043, 'moment generating function', 'Moment generating function'),
(1044, 'monic polynomial', 'Monic polynomial'),
(1045, 'monodromy theorem', 'Monodromy theorem'),
(1046, 'monoid', 'Monoid'),
(1047, 'monom', NULL),
(1048, 'monomial', 'Monomial'),
(1049, 'monomorphism', 'Monomorphism'),
(1050, 'monotone', 'Monotone'),
(1051, 'monotone convergence', 'Monotone convergence'),
(1052, 'monotonic', 'Monotonic'),
(1053, 'monotony', 'Monotony'),
(1054, 'morphism', 'Morphism'),
(1055, 'moving trihedron', NULL),
(1056, 'multi-index', 'Multi-index'),
(1057, 'multi-step method', NULL),
(1058, 'multilinear mapping', 'Multilinear mapping'),
(1059, 'multinomial distribution', 'Multinomial distribution'),
(1060, 'multiple', 'Multiple'),
(1061, 'multiple integral', 'Multiple integral'),
(1062, 'multiple shooting method', NULL),
(1063, 'multiplicand', 'Multiplicand'),
(1064, 'multiplication', 'Multiplication'),
(1065, 'multiplicity', 'Multiplicity'),
(1066, 'multiply', 'Multiply'),
(1067, 'multivariate distribution', 'Multivariate distribution'),
(1068, 'n-times differentiable', NULL),
(1069, 'nabla operator', 'Nabla operator'),
(1070, 'natural', 'Natural'),
(1071, 'natural and mathematical sciences', NULL),
(1072, 'natural frequency', 'Natural frequency'),
(1073, 'natural logarithm', 'Natural logarithm'),
(1074, 'natural number', 'Natural number'),
(1075, 'natural sciences and mathematics', NULL),
(1076, 'natural spline', NULL),
(1077, 'natural transformation', 'Natural transformation'),
(1078, 'necessary', 'Necessary'),
(1079, 'negation', 'Negation'),
(1080, 'negative', 'Negative'),
(1081, 'negative binomial distribution', 'Negative binomial distribution'),
(1082, 'negative definite', 'Negative definite'),
(1083, 'negative semidefinite', 'Negative semidefinite'),
(1084, 'neighbourhood', 'Neighbourhood'),
(1085, 'neighbourhood filter', 'Neighbourhood filter'),
(1086, 'Neil’s parabola', NULL),
(1087, 'nested-intervals', NULL),
(1088, 'nesting', 'Nesting'),
(1089, 'net point', NULL),
(1090, 'Newton form of the interpolating polynomial', NULL),
(1091, 'Newton-Cotes formula', 'Newton-Cotes formula'),
(1092, 'Newton-like methods', NULL),
(1093, 'Newton’s interpolating polynomial', NULL),
(1094, 'Newton’s method', NULL),
(1095, 'nilpotent', 'Nilpotent'),
(1096, 'node', 'Node'),
(1097, 'non-linear optimization', NULL),
(1098, 'non-zero', 'Non-zero'),
(1099, 'nondegenerate', 'Nondegenerate'),
(1100, 'nondeterministic', 'Nondeterministic'),
(1101, 'nondeterministic finite automata (NFA)', 'Nondeterministic finite automata'),
(1102, 'nondeterministic finite automaton (NFA)', 'Nondeterministic finite automaton'),
(1103, 'nonnegative', 'Nonnegative'),
(1104, 'nonsingular', 'Nonsingular'),
(1105, 'norm', 'Norm'),
(1106, 'norm topology', 'Norm topology'),
(1107, 'normal', 'Normal'),
(1108, 'normal convergence', 'Normal convergence'),
(1109, 'normal curvature', 'Normal curvature'),
(1110, 'normal distribution', 'Normal distribution'),
(1111, 'normal equation', 'Normal equation'),
(1112, 'normal field extension', NULL),
(1113, 'normal form', 'Normal form'),
(1114, 'normal form for equivalent matrices', NULL),
(1115, 'normal series', 'Normal series'),
(1116, 'normal subgroup', 'Normal subgroup'),
(1117, 'normal tower', 'Normal tower'),
(1118, 'normal vector', 'Normal vector'),
(1119, 'normalized polynomial', NULL),
(1120, 'normalizer', 'Normalizer'),
(1121, 'normed algebra', 'Normed algebra'),
(1122, 'normed space', 'Normed space'),
(1123, 'normed vector space', 'Normed vector space'),
(1124, 'nowhere dense', 'Nowhere dense'),
(1125, 'NP-complete', 'NP-complete'),
(1126, 'NP-hard', 'NP-hard'),
(1127, 'null angle', NULL),
(1128, 'null homotopic', 'Null homotopic'),
(1129, 'null set', 'Null set'),
(1130, 'number', 'Number'),
(1131, 'number system', 'Number system'),
(1132, 'numerator', 'Numerator'),
(1133, 'numerical', 'Numerical'),
(1134, 'numerical differentiation', 'Numerical differentiation'),
(1135, 'numerical integration', 'Numerical integration'),
(1136, 'numerical order', NULL),
(1137, 'numerical stability', 'Numerical stability'),
(1138, 'oblique angle', 'Oblique angle'),
(1139, 'obtuse angle', 'Obtuse angle'),
(1140, 'octahedron', 'Octahedron'),
(1141, 'odd', 'Odd'),
(1142, 'off-axis angle', NULL),
(1143, 'one-point compactification', 'One-point compactification'),
(1144, 'one-sided', 'One-sided'),
(1145, 'one-sided limit', 'One-sided limit'),
(1146, 'one-step method', NULL),
(1147, 'one-to-one', 'One-to-one'),
(1148, 'open', 'Open'),
(1149, 'open cover', 'Open cover'),
(1150, 'open mapping principle', NULL),
(1151, 'operation', 'Operation'),
(1152, 'operator', 'Operator'),
(1153, 'operator norm', 'Operator norm'),
(1154, 'optimal test', NULL),
(1155, 'optimization', 'Optimization'),
(1156, 'orbit', 'Orbit'),
(1157, 'order', 'Order'),
(1158, 'order of convergence', 'Order of convergence'),
(1159, 'order topology', 'Order topology'),
(1160, 'ordered', 'Ordered'),
(1161, 'ordered field', 'Ordered field'),
(1162, 'ordered pair', 'Ordered pair'),
(1163, 'ordered set', 'Ordered set'),
(1164, 'ordering axiom', NULL),
(1165, 'ordinal number', 'Ordinal number'),
(1166, 'ordinary differential equations', 'Ordinary differential equations'),
(1167, 'ordinate', 'Ordinate'),
(1168, 'orientation', 'Orientation'),
(1169, 'orientation-preserving', 'Orientation-preserving'),
(1170, 'oriented', 'Oriented'),
(1171, 'origin', 'Origin'),
(1172, 'orthogonal', 'Orthogonal'),
(1173, 'orthogonal group', 'Orthogonal group'),
(1174, 'orthogonal matrix', 'Orthogonal matrix'),
(1175, 'orthogonal set', 'Orthogonal set'),
(1176, 'orthogonal tensors', NULL),
(1177, 'orthogonal vectors', 'Orthogonal vectors'),
(1178, 'orthogonality', 'Orthogonality'),
(1179, 'orthogonality relation', 'Orthogonality relation'),
(1180, 'orthonormal', 'Orthonormal'),
(1181, 'orthonormal basis', 'Orthonormal basis'),
(1182, 'orthonormal functions', NULL),
(1183, 'orthonormal matrix', 'Orthonormal matrix'),
(1184, 'orthonormal set', 'Orthonormal set'),
(1185, 'orthonormal system', NULL),
(1186, 'orthonormal vectors', 'Orthonormal vectors'),
(1187, 'orthonormalization procedure', NULL),
(1188, 'oscillation', 'Oscillation'),
(1189, 'oscillator', 'Oscillator'),
(1190, 'osculating circle', 'Osculating circle'),
(1191, 'osculating parabola', NULL),
(1192, 'osculating plane', 'Osculating plane'),
(1193, 'outcome', 'Outcome'),
(1194, 'output', 'Output'),
(1195, 'over-determined', NULL),
(1196, 'overrelaxation', NULL),
(1197, 'p-adic number', 'P-adic number'),
(1198, 'p-value', 'P-value'),
(1199, 'pairwise', 'Pairwise'),
(1200, 'parabola', 'Parabola'),
(1201, 'paracompact', 'Paracompact'),
(1202, 'paracompact space', 'Paracompact space'),
(1203, 'parallel', 'Parallel'),
(1204, 'parallel lines', 'Parallel lines'),
(1205, 'parallelepiped', 'Parallelepiped'),
(1206, 'parallelepipedial product', NULL),
(1207, 'parallelogram', 'Parallelogram'),
(1208, 'parallelogramm identity', NULL),
(1209, 'parameter', 'Parameter'),
(1210, 'parametrization', 'Parametrization'),
(1211, 'Parseval’s equation', NULL),
(1212, 'partial', 'Partial'),
(1213, 'partial derivative', 'Partial derivative'),
(1214, 'partial differentiable', NULL),
(1215, 'partial differential equations (PDE)', 'Partial differential equations'),
(1216, 'partial fraction', 'Partial fraction'),
(1217, 'partial fraction decomposition', 'Partial fraction decomposition'),
(1218, 'partial order', 'Partial order'),
(1219, 'partial pivoting', 'Partial pivoting'),
(1220, 'partial sum', 'Partial sum'),
(1221, 'partially ordered', 'Partially ordered'),
(1222, 'particulate', 'Particulate'),
(1223, 'partition', 'Partition'),
(1224, 'partition of unity', 'Partition of unity'),
(1225, 'Pascal’s triangle', NULL),
(1226, 'path', 'Path'),
(1227, 'path integral', 'Path integral'),
(1228, 'pathwise connected', 'Pathwise connected'),
(1229, 'Peano kernel', NULL),
(1230, 'Pedal Curve', NULL),
(1231, 'pendulum', 'Pendulum'),
(1232, 'pentagon', 'Pentagon'),
(1233, 'pentagram', 'Pentagram'),
(1234, 'percentage calculus', NULL),
(1235, 'perfect field', 'Perfect field'),
(1236, 'perfect group', 'Perfect group'),
(1237, 'perimeter', 'Perimeter'),
(1238, 'period', 'Period'),
(1239, 'periodic(al)', NULL),
(1240, 'periodicity', 'Periodicity'),
(1241, 'periphery', 'Periphery'),
(1242, 'permutation', 'Permutation'),
(1243, 'permutation (sub)group', NULL),
(1244, 'perpendicular', 'Perpendicular'),
(1245, 'perpendicular bisector', 'Perpendicular bisector'),
(1246, 'perspective', 'Perspective'),
(1247, 'perturbation', 'Perturbation'),
(1248, 'perturbation lemma', NULL),
(1249, 'perturbation matrix', NULL),
(1250, 'perturbation theory', 'Perturbation theory'),
(1251, 'pfaffian', 'Pfaffian'),
(1252, 'piecewise', 'Piecewise'),
(1253, 'piecewise continuous', 'Piecewise continuous'),
(1254, 'pivot element', 'Pivot element'),
(1255, 'pivot search', NULL),
(1256, 'pivoting', 'Pivoting'),
(1257, 'plane', 'Plane'),
(1258, 'point', 'Point'),
(1259, 'point estimation', 'Point estimation'),
(1260, 'point mass', 'Point mass'),
(1261, 'point of intersection', NULL),
(1262, 'pointwise convergence', 'Pointwise convergence'),
(1263, 'Poisson distribution', 'Poisson distribution'),
(1264, 'polar coordinate', 'Polar coordinate'),
(1265, 'polarization', 'Polarization'),
(1266, 'pole', 'Pole'),
(1267, 'polygon', 'Polygon'),
(1268, 'polyhedron', 'Polyhedron'),
(1269, 'polynomial', 'Polynomial'),
(1270, 'polynomial distribution', NULL),
(1271, 'polynomial interpolation', 'Polynomial interpolation'),
(1272, 'polynomial mapping', NULL),
(1273, 'positiv definit', NULL),
(1274, 'positive', 'Positive'),
(1275, 'positive integer', 'Positive integer'),
(1276, 'positive semidefinite', 'Positive semidefinite'),
(1277, 'potential', 'Potential'),
(1278, 'potential equation', NULL),
(1279, 'power', 'Power'),
(1280, 'power (x to the power of n)', 'Power'),
(1281, 'power function', 'Power function'),
(1282, 'power series', 'Power series'),
(1283, 'power set', 'Power set'),
(1284, 'power sum', 'Power sum'),
(1285, 'powerset construction', 'Powerset construction'),
(1286, 'precompact', 'Precompact'),
(1287, 'preconditioning', 'Preconditioning'),
(1288, 'predicate', 'Predicate'),
(1289, 'predicate calculus', 'Predicate calculus');
INSERT INTO `en_word` (`id`, `name`, `wp_article`) VALUES
(1290, 'predictor-corrector method', 'Predictor-corrector method'),
(1291, 'prehilbert space', 'Prehilbert space'),
(1292, 'prime decomposition', 'Prime decomposition'),
(1293, 'prime element', 'Prime element'),
(1294, 'prime factorization', 'Prime factorization'),
(1295, 'prime field', 'Prime field'),
(1296, 'prime ideal', 'Prime ideal'),
(1297, 'prime number', 'Prime number'),
(1298, 'primitive (function)', 'Primitive'),
(1299, 'primitive polynomial', 'Primitive polynomial'),
(1300, 'primitive root', 'Primitive root'),
(1301, 'primitive root of unity', 'Primitive root of unity'),
(1302, 'principal axis', 'Principal axis'),
(1303, 'principal axis theorem', 'Principal axis theorem'),
(1304, 'principal curvatures', 'Principal curvatures'),
(1305, 'principal ideal', 'Principal ideal'),
(1306, 'principal ideal domain', 'Principal ideal domain'),
(1307, 'principal part', 'Principal part'),
(1308, 'principal value', 'Principal value'),
(1309, 'principle of duality', 'Principle of duality'),
(1310, 'principle of uniform boundedness', 'Principle of uniform boundedness'),
(1311, 'prism', 'Prism'),
(1312, 'probabilistic finite automaton (PFA)', 'Probabilistic finite automaton'),
(1313, 'probability', 'Probability'),
(1314, 'probability mass function', 'Probability mass function'),
(1315, 'probability measure', 'Probability measure'),
(1316, 'probability space', 'Probability space'),
(1317, 'problem', 'Problem'),
(1318, 'procedure', 'Procedure'),
(1319, 'product', 'Product'),
(1320, 'product measure', 'Product measure'),
(1321, 'product rule', 'Product rule'),
(1322, 'product topology', 'Product topology'),
(1323, 'program', 'Program'),
(1324, 'programming', 'Programming'),
(1325, 'projection', 'Projection'),
(1326, 'projective space', 'Projective space'),
(1327, 'projectively generated topology', NULL),
(1328, 'projectivity', 'Projectivity'),
(1329, 'proof', 'Proof'),
(1330, 'proper fraction', 'Proper fraction'),
(1331, 'proper map', 'Proper map'),
(1332, 'property', 'Property'),
(1333, 'proportional', 'Proportional'),
(1334, 'proposition', 'Proposition'),
(1335, 'pseudoinverse', 'Pseudoinverse'),
(1336, 'pumping lemma', 'Pumping lemma'),
(1337, 'punctured', NULL),
(1338, 'punctured plane', 'Punctured plane'),
(1339, 'punctured set', 'Punctured set'),
(1340, 'pushdown automaton (PDA)', 'Pushdown automaton'),
(1341, 'pyramid', 'Pyramid'),
(1342, 'Pythagorean theorem', 'Pythagorean theorem'),
(1343, 'QR decomposition', 'QR decomposition'),
(1344, 'quadrangle', 'Quadrangle'),
(1345, 'quadrant', 'Quadrant'),
(1346, 'quadratic', 'Quadratic'),
(1347, 'quadratic convergence', 'Quadratic convergence'),
(1348, 'quadratic form', 'Quadratic form'),
(1349, 'quadratic residue', 'Quadratic residue'),
(1350, 'quadrature', 'Quadrature'),
(1351, 'quadrature formula', 'Quadrature formula'),
(1352, 'quadric', 'Quadric'),
(1353, 'quadrilateral', 'Quadrilateral'),
(1354, 'Quantifier', 'Quantifier'),
(1355, 'quantile', 'Quantile'),
(1356, 'quaternion', 'Quaternion'),
(1357, 'quotient', 'Quotient'),
(1358, 'quotient field', 'Quotient field'),
(1359, 'quotient group', 'Quotient group'),
(1360, 'quotient ring', 'Quotient ring'),
(1361, 'quotient rule', 'Quotient rule'),
(1362, 'quotient set', 'Quotient set'),
(1363, 'quotient topology', 'Quotient topology'),
(1364, 'quotient vector space', 'Quotient vector space'),
(1365, 'radial', 'Radial'),
(1366, 'radian', 'Radian'),
(1367, 'radian measure', 'Radian measure'),
(1368, 'radical extension', NULL),
(1369, 'radical sign', 'Radical sign'),
(1370, 'radius', 'Radius'),
(1371, 'radius (pl. radii)', 'Radius'),
(1372, 'radius of convergence', 'Radius of convergence'),
(1373, 'radius of curvature', 'Radius of curvature'),
(1374, 'raise to the power of', NULL),
(1375, 'random variable (r.v.)', 'Random variable'),
(1376, 'range', 'Range'),
(1377, 'rank', 'Rank'),
(1378, 'rate of convergence', 'Rate of convergence'),
(1379, 'ratio', 'Ratio'),
(1380, 'ratio test', 'Ratio test'),
(1381, 'rational', 'Rational'),
(1382, 'rational function', 'Rational function'),
(1383, 'rational interpolation', NULL),
(1384, 'rational mapping', 'Rational mapping'),
(1385, 'rational number', 'Rational number'),
(1386, 'ray', 'Ray'),
(1387, 'Rayleigh distribution', 'Rayleigh distribution'),
(1388, 'Rayleigh quotient', 'Rayleigh quotient'),
(1389, 're-entrant angle', NULL),
(1390, 'reachability', 'Reachability'),
(1391, 'real', 'Real'),
(1392, 'real line', 'Real line'),
(1393, 'real number', 'Real number'),
(1394, 'real part', 'Real part'),
(1395, 'real-valued', 'Real-valued'),
(1396, 'rearrangement', 'Rearrangement'),
(1397, 'reciprocal', 'Reciprocal'),
(1398, 'reconstruction', 'Reconstruction'),
(1399, 'rectangle', 'Rectangle'),
(1400, 'rectangular', 'Rectangular'),
(1401, 'rectangular solid', 'Rectangular solid'),
(1402, 'rectifiable', 'Rectifiable'),
(1403, 'rectifying plane', 'Rectifying plane'),
(1404, 'recurrence formula', NULL),
(1405, 'recurring decimal', 'Recurring decimal'),
(1406, 'recursion', 'Recursion'),
(1407, 'recursion formula', NULL),
(1408, 'recursion theorem', 'Recursion theorem'),
(1409, 'reduced echelon form', 'Reduced echelon form'),
(1410, 'reducible', 'Reducible'),
(1411, 'reentrant angle', NULL),
(1412, 'reference', 'Reference'),
(1413, 'reflection', 'Reflection'),
(1414, 'reflex angle', 'Reflex angle'),
(1415, 'reflexive', 'Reflexive'),
(1416, 'reflexive closure', 'Reflexive closure'),
(1417, 'region', 'Region'),
(1418, 'regula falsi', 'Regula falsi'),
(1419, 'regular', 'Regular'),
(1420, 'regular expression', 'Regular expression'),
(1421, 'regular language', 'Regular language'),
(1422, 'regular polygon', 'Regular polygon'),
(1423, 'rejection', 'Rejection'),
(1424, 'relation', 'Relation'),
(1425, 'relative', 'Relative'),
(1426, 'relative error', 'Relative error'),
(1427, 'relative frequency', 'Relative frequency'),
(1428, 'relatively compact', 'Relatively compact'),
(1429, 'relaxation', 'Relaxation'),
(1430, 'remainder', 'Remainder'),
(1431, 'remainder (term)', 'Remainder'),
(1432, 'Remez algorithm', 'Remez algorithm'),
(1433, 'removable discontinuity', 'Removable discontinuity'),
(1434, 'removable singularity', 'Removable singularity'),
(1435, 'reorientation', NULL),
(1436, 'reparametrization', NULL),
(1437, 'repeating decimal', 'Repeating decimal'),
(1438, 'representative', 'Representative'),
(1439, 'residual', 'Residual'),
(1440, 'residue', 'Residue'),
(1441, 'residue class', 'Residue class'),
(1442, 'residue theorem', 'Residue theorem'),
(1443, 'resolvent set', 'Resolvent set'),
(1444, 'resonance', 'Resonance'),
(1445, 'restriction', 'Restriction'),
(1446, 'retract', 'Retract'),
(1447, 'rhomboid', 'Rhomboid'),
(1448, 'rhombus', 'Rhombus'),
(1449, 'Riemann mapping theorem', 'Riemann mapping theorem'),
(1450, 'Riemann sphere', 'Riemann sphere'),
(1451, 'Riemann sum', 'Riemann sum'),
(1452, 'Riemann surface', 'Riemann surface'),
(1453, 'Riesz representation theorem', 'Riesz representation theorem'),
(1454, 'right', 'Right'),
(1455, 'right angle', 'Right angle'),
(1456, 'right triangle', 'Right triangle'),
(1457, 'right-angled', NULL),
(1458, 'right-continuous', 'Right-continuous'),
(1459, 'right-hand limit', NULL),
(1460, 'ring', 'Ring'),
(1461, 'Roman numerals', 'Roman numerals'),
(1462, 'Romberg integration', 'Romberg integration'),
(1463, 'Romberg method', 'Romberg method'),
(1464, 'root', 'Root'),
(1465, 'root of unity', 'Root of unity'),
(1466, 'root test', 'Root test'),
(1467, 'rotation', 'Rotation'),
(1468, 'rotation angle', NULL),
(1469, 'rotation axis', NULL),
(1470, 'rotation plane', NULL),
(1471, 'round-off error', 'Round-off error'),
(1472, 'rounding error', 'Rounding error'),
(1473, 'row', 'Row'),
(1474, 'row equilibration', NULL),
(1475, 'row interchange', NULL),
(1476, 'row sum criterion', NULL),
(1477, 'row vector', 'Row vector'),
(1478, 'row-sum norm', NULL),
(1479, 'rule', 'Rule'),
(1480, 'rule of three', 'Rule of three'),
(1481, 'saddle', 'Saddle'),
(1482, 'saddle point', 'Saddle point'),
(1483, 'saltus', 'Saltus'),
(1484, 'sample space', 'Sample space'),
(1485, 'Sarrus diagram', NULL),
(1486, 'scalar', 'Scalar'),
(1487, 'scalar product', 'Scalar product'),
(1488, 'scalene', 'Scalene'),
(1489, 'scalene triangle', 'Scalene triangle'),
(1490, 'scaling', 'Scaling'),
(1491, 'Schwarz reflection principle', 'Schwarz reflection principle'),
(1492, 'secant', 'Secant'),
(1493, 'secant (line)', 'Secant'),
(1494, 'secant method', 'Secant method'),
(1495, 'sector', 'Sector'),
(1496, 'segment', 'Segment'),
(1497, 'self adjoint', 'Self adjoint'),
(1498, 'semi-decidable', 'Semi-decidable'),
(1499, 'semiaffine map', NULL),
(1500, 'semicircle', 'Semicircle'),
(1501, 'semicontinuous', 'Semicontinuous'),
(1502, 'semidefinite', 'Semidefinite'),
(1503, 'semidirect product', 'Semidirect product'),
(1504, 'semilinear', 'Semilinear'),
(1505, 'semilocal', NULL),
(1506, 'seminorm', 'Seminorm'),
(1507, 'semisimple ring', 'Semisimple ring'),
(1508, 'separable', 'Separable'),
(1509, 'separated', 'Separated'),
(1510, 'separation axioms', 'Separation axioms'),
(1511, 'sequence', 'Sequence'),
(1512, 'series', 'Series'),
(1513, 'sesquilinear form', 'Sesquilinear form'),
(1514, 'set', 'Set'),
(1515, 'set of the first category', NULL),
(1516, 'set theory', 'Set theory'),
(1517, 'sgn', 'Sgn'),
(1518, 'shooting method', 'Shooting method'),
(1519, 'side', 'Side'),
(1520, 'side condition', NULL),
(1521, 'signature', 'Signature'),
(1522, 'significance level', 'Significance level'),
(1523, 'significant digit', 'Significant digit'),
(1524, 'signum', 'Signum'),
(1525, 'similar', 'Similar'),
(1526, 'similar matrices', 'Similar matrices'),
(1527, 'similarity', 'Similarity'),
(1528, 'similarity transformation', 'Similarity transformation'),
(1529, 'simple', 'Simple'),
(1530, 'simple arc', NULL),
(1531, 'simple hypothesis', NULL),
(1532, 'simplex', 'Simplex'),
(1533, 'simplex method', 'Simplex method'),
(1534, 'simply connected', 'Simply connected'),
(1535, 'Simpson’s rule', NULL),
(1536, 'sine', 'Sine'),
(1537, 'sines law', NULL),
(1538, 'single-step-method', NULL),
(1539, 'singular matrix', 'Singular matrix'),
(1540, 'singular point', 'Singular point'),
(1541, 'singular value', 'Singular value'),
(1542, 'singular value decomposition', 'Singular value decomposition'),
(1543, 'singularity', 'Singularity'),
(1544, 'skew field', 'Skew field'),
(1545, 'skew lines', 'Skew lines'),
(1546, 'skew symmetric', 'Skew symmetric'),
(1547, 'slack', 'Slack'),
(1548, 'slack variable', 'Slack variable'),
(1549, 'sliding vector', NULL),
(1550, 'slope', 'Slope'),
(1551, 'smooth', 'Smooth'),
(1552, 'solution', 'Solution'),
(1553, 'solution set', 'Solution set'),
(1554, 'solvable', 'Solvable'),
(1555, 'space', 'Space'),
(1556, 'space of solutions', NULL),
(1557, 'span', 'Span'),
(1558, 'special case', 'Special case'),
(1559, 'special orthogonal group', 'Special orthogonal group'),
(1560, 'special orthogonal matrix', 'Special orthogonal matrix'),
(1561, 'spectral norm', 'Spectral norm'),
(1562, 'spectral radius', 'Spectral radius'),
(1563, 'spectral theorem', 'Spectral theorem'),
(1564, 'spectrum', 'Spectrum'),
(1565, 'speed of convergence', 'Speed of convergence'),
(1566, 'sphere', 'Sphere'),
(1567, 'spiral', 'Spiral'),
(1568, 'spline curve', 'Spline curve'),
(1569, 'spline interpolation', 'Spline interpolation'),
(1570, 'splitting field', 'Splitting field'),
(1571, 'square', 'Square'),
(1572, 'square brackets', 'Square brackets'),
(1573, 'square root', 'Square root'),
(1574, 'stability', 'Stability'),
(1575, 'stabilizer', 'Stabilizer'),
(1576, 'stable', 'Stable'),
(1577, 'standard basis', 'Standard basis'),
(1578, 'standard deviation', 'Standard deviation'),
(1579, 'starlike', NULL),
(1580, 'starting vertex', NULL),
(1581, 'state', 'State'),
(1582, 'state diagram', 'State diagram'),
(1583, 'state transition diagram (STD)', 'State transition diagram'),
(1584, 'statement', 'Statement'),
(1585, 'statistical distribution', 'Statistical distribution'),
(1586, 'stem', 'Stem'),
(1587, 'step function', 'Step function'),
(1588, 'step(-size) control', NULL),
(1589, 'stereographic', NULL),
(1590, 'stereographic projection', 'Stereographic projection'),
(1591, 'stiff differential equation', 'Stiff differential equation'),
(1592, 'stochastically independent', 'Stochastically independent'),
(1593, 'stochastics', 'Stochastics'),
(1594, 'straight angle', 'Straight angle'),
(1595, 'straight line', 'Straight line'),
(1596, 'strictly lower triangular matrix', 'Strictly lower triangular matrix'),
(1597, 'strictly monotonic decreasing', NULL),
(1598, 'strictly monotonic increasing', NULL),
(1599, 'strictly upper triangular matrix', 'Strictly upper triangular matrix'),
(1600, 'string', 'String'),
(1601, 'strong column sum criterion', NULL),
(1602, 'strong row sum criterion', NULL),
(1603, 'structure', 'Structure'),
(1604, 'Student’s t-distribution', 'Student’s t-distribution'),
(1605, 'subbase', 'Subbase'),
(1606, 'subcover', 'Subcover'),
(1607, 'subdivision', 'Subdivision'),
(1608, 'subgroup', 'Subgroup'),
(1609, 'sublinear', 'Sublinear'),
(1610, 'submodule', 'Submodule'),
(1611, 'subring', 'Subring'),
(1612, 'subsequence', 'Subsequence'),
(1613, 'subset', 'Subset'),
(1614, 'subset construction', 'Subset construction'),
(1615, 'subspace', 'Subspace'),
(1616, 'substitution', 'Substitution'),
(1617, 'substitution formula', NULL),
(1618, 'subtotal', NULL),
(1619, 'subtraction', 'Subtraction'),
(1620, 'subtrahend', 'Subtrahend'),
(1621, 'successive approximation', NULL),
(1622, 'sufficient', 'Sufficient'),
(1623, 'sum', 'Sum'),
(1624, 'summable function', NULL),
(1625, 'summand', 'Summand'),
(1626, 'summation', 'Summation'),
(1627, 'superposition', 'Superposition'),
(1628, 'superset', 'Superset'),
(1629, 'supplementary angle', 'Supplementary angle'),
(1630, 'support', 'Support'),
(1631, 'supremum', 'Supremum'),
(1632, 'supremum limit', 'Supremum limit'),
(1633, 'supremum norm', 'Supremum norm'),
(1634, 'surface', 'Surface'),
(1635, 'surface area', 'Surface area'),
(1636, 'surface integral', 'Surface integral'),
(1637, 'surjection', 'Surjection'),
(1638, 'surjective', 'Surjective'),
(1639, 'Sylow subgroup', 'Sylow subgroup'),
(1640, 'Sylvester’s inertia law', NULL),
(1641, 'Sylvester’s law of inertia', NULL),
(1642, 'symmetric', 'Symmetric'),
(1643, 'symmetric bilinear form', 'Symmetric bilinear form'),
(1644, 'symmetric group', 'Symmetric group'),
(1645, 'symmetric matrix', 'Symmetric matrix'),
(1646, 'symmetric polynomial', 'Symmetric polynomial'),
(1647, 'Symmetric tensor', 'Symmetric tensor'),
(1648, 'symmetrical figure', NULL),
(1649, 'system', 'System'),
(1650, 'system of equations', 'System of equations'),
(1651, 'system of linear equations', 'System of linear equations'),
(1652, 't-distribution', 'T-distribution'),
(1653, 'tangent', 'Tangent'),
(1654, 'tangent (line)', 'Tangent'),
(1655, 'tangent plane', 'Tangent plane'),
(1656, 'tangent space', 'Tangent space'),
(1657, 'tangent vector', 'Tangent vector'),
(1658, 'target', 'Target'),
(1659, 'Taylor expansion', 'Taylor expansion'),
(1660, 'Taylor series', 'Taylor series'),
(1661, 'telescoping series', 'Telescoping series'),
(1662, 'telescoping sum', 'Telescoping sum'),
(1663, 'tensor', 'Tensor'),
(1664, 'tensor algebra', 'Tensor algebra'),
(1665, 'tensor inverse', NULL),
(1666, 'tensor product', 'Tensor product'),
(1667, 'tensor rank', 'Tensor rank'),
(1668, 'tensor trace', 'Tensor trace'),
(1669, 'tensor transpose', NULL),
(1670, 'term', 'Term'),
(1671, 'tesselation', 'Tesselation'),
(1672, 'test function', 'Test function'),
(1673, 'tetrahedron', 'Tetrahedron'),
(1674, 'theorem', 'Theorem'),
(1675, 'theorem of inertia', NULL),
(1676, 'theory', 'Theory'),
(1677, 'Tietze extension theorem', 'Tietze extension theorem'),
(1678, 'tiling', 'Tiling'),
(1679, 'to factorize', NULL),
(1680, 'to zeroize', NULL),
(1681, 'topological basis', 'Topological basis'),
(1682, 'topological space', 'Topological space'),
(1683, 'topological sum', 'Topological sum'),
(1684, 'topological vector space', 'Topological vector space'),
(1685, 'topology', 'Topology'),
(1686, 'torsion', 'Torsion'),
(1687, 'torus', 'Torus'),
(1688, 'total derivative', 'Total derivative'),
(1689, 'total pivoting', NULL),
(1690, 'total probability', 'Total probability'),
(1691, 'total-step iteration', NULL),
(1692, 'totally disconnected', 'Totally disconnected'),
(1693, 'totient function', 'Totient function'),
(1694, 'trace', 'Trace'),
(1695, 'tractrix', 'Tractrix'),
(1696, 'transcendental', 'Transcendental'),
(1697, 'transcendental number', 'Transcendental number'),
(1698, 'transform', 'Transform'),
(1699, 'transformation', 'Transformation'),
(1700, 'transition diagram', NULL),
(1701, 'transitive', 'Transitive'),
(1702, 'transitive closure', 'Transitive closure'),
(1703, 'translation', 'Translation'),
(1704, 'translation invariance', NULL),
(1705, 'transpose', 'Transpose'),
(1706, 'trapezium [Br.]', NULL),
(1707, 'trapezoid [Am.]', NULL),
(1708, 'trapezoid(al) formula', NULL),
(1709, 'trapezoidal rule', 'Trapezoidal rule'),
(1710, 'tread arc radius', NULL),
(1711, 'triadic Cantor set', NULL),
(1712, 'triangle', 'Triangle'),
(1713, 'triangle centroid', 'Triangle centroid'),
(1714, 'triangle inequality', 'Triangle inequality'),
(1715, 'triangle median', 'Triangle median'),
(1716, 'triangular decomposition', NULL),
(1717, 'triangular matrix', 'Triangular matrix'),
(1718, 'triangulation', 'Triangulation'),
(1719, 'tridiagonal matrix', 'Tridiagonal matrix'),
(1720, 'trigonometric function', 'Trigonometric function'),
(1721, 'trigonometric functions', 'Trigonometric functions'),
(1722, 'trigonometric(al)', NULL),
(1723, 'trigonometry', 'Trigonometry'),
(1724, 'triple', 'Triple'),
(1725, 'true', 'True'),
(1726, 'truncated cone', 'Truncated cone'),
(1727, 'truth table', 'Truth table'),
(1728, 'tuple', 'Tuple'),
(1729, 'Turing machine', 'Turing machine'),
(1730, 'two dimensional distribution', NULL),
(1731, 'two-sided', 'Two-sided'),
(1732, 'UFD (unique factorization domain)', 'UFD'),
(1733, 'ultrafilter', 'Ultrafilter'),
(1734, 'unbiased', 'Unbiased'),
(1735, 'uncountable', 'Uncountable'),
(1736, 'under-determined', 'Under-determined'),
(1737, 'unequal', 'Unequal'),
(1738, 'uniform convergence', 'Uniform convergence'),
(1739, 'uniform distribution', 'Uniform distribution'),
(1740, 'uniformly continuous', 'Uniformly continuous'),
(1741, 'uniformly most powerful (UMP-)test', NULL),
(1742, 'union', 'Union'),
(1743, 'unique', 'Unique'),
(1744, 'unique factorization domain (UFD)', 'Unique factorization domain'),
(1745, 'uniqueness', 'Uniqueness'),
(1746, 'unit circle', 'Unit circle'),
(1747, 'unit element', 'Unit element'),
(1748, 'unit matrix', 'Unit matrix'),
(1749, 'unit vector', 'Unit vector'),
(1750, 'unitary endomorphism', NULL),
(1751, 'unitary group', 'Unitary group'),
(1752, 'unitary matrix', 'Unitary matrix'),
(1753, 'unitary operator', 'Unitary operator'),
(1754, 'unitary space', 'Unitary space'),
(1755, 'univariate distribution', 'Univariate distribution'),
(1756, 'universal covering', 'Universal covering'),
(1757, 'universal quantifier', 'Universal quantifier'),
(1758, 'upper bound', 'Upper bound'),
(1759, 'upper limit', 'Upper limit'),
(1760, 'upper sum', 'Upper sum'),
(1761, 'upper triangular matrix', 'Upper triangular matrix'),
(1762, 'urn model', 'Urn model'),
(1763, 'valuation', 'Valuation'),
(1764, 'Vandermonde Determinant', NULL),
(1765, 'variance', 'Variance'),
(1766, 'variation', 'Variation'),
(1767, 'vector', 'Vector'),
(1768, 'vector analysis', 'Vector analysis'),
(1769, 'vector field', 'Vector field'),
(1770, 'vector iteration', NULL),
(1771, 'vector product', 'Vector product'),
(1772, 'vector space', 'Vector space'),
(1773, 'vector subspace', 'Vector subspace'),
(1774, 'vertex', 'Vertex'),
(1775, 'vertex cover', 'Vertex cover'),
(1776, 'vertical angles', 'Vertical angles'),
(1777, 'vertically opposed angles', NULL),
(1778, 'vibration', 'Vibration'),
(1779, 'vibration period', NULL),
(1780, 'viewpoint', 'Viewpoint'),
(1781, 'volume', 'Volume'),
(1782, 'Voronoi diagram', 'Voronoi diagram'),
(1783, 'Wallis’ product', NULL),
(1784, 'Wave equation', 'Wave equation'),
(1785, 'weak column sum criterion', NULL),
(1786, 'weak row sum criterion', NULL),
(1787, 'weak topology', 'Weak topology'),
(1788, 'well defined', 'Well defined'),
(1789, 'well-conditioned', NULL),
(1790, 'well-ordering theorem', 'Well-ordering theorem'),
(1791, 'whole number', 'Whole number'),
(1792, 'Wielandt’s broken iteration', NULL),
(1793, 'winding number', 'Winding number'),
(1794, 'without restriction of generality', NULL),
(1795, 'wronskian', 'Wronskian'),
(1796, 'x-axis', 'X-axis'),
(1797, 'x-coordinate', NULL),
(1798, 'y-axis', 'Y-axis'),
(1799, 'y-coordinate', NULL),
(1800, 'z-axis', 'Z-axis'),
(1801, 'zero', 'Zero'),
(1802, 'zero division', 'Zero division'),
(1803, 'zero divisor', 'Zero divisor'),
(1804, 'zero element', 'Zero element'),
(1805, 'zero matrix', 'Zero matrix'),
(1806, 'zero polynomial', 'Zero polynomial'),
(1807, 'zero sequence', NULL),
(1808, 'zero set', 'Zero set'),
(1809, 'zero tensor', 'Zero tensor'),
(1810, 'zero vector', 'Zero vector'),
(1811, 'zero vector space', 'Zero vector space');

-- --------------------------------------------------------





DROP TABLE IF EXISTS `relation`;
CREATE TABLE IF NOT EXISTS `relation` (
  `from_word_id` smallint(6) NOT NULL DEFAULT '0',
  `to_word_id` smallint(6) NOT NULL DEFAULT '0',
  PRIMARY KEY (`from_word_id`,`to_word_id`)
) ENGINE=InnoDB DEFAULT CHARSET=utf8;






-- --------------------------------------------------------





DROP TABLE IF EXISTS `word`;
CREATE TABLE IF NOT EXISTS `word` (
  `id` smallint(6) NOT NULL AUTO_INCREMENT,
  `name` varchar(160) DEFAULT NULL,
  `wp_article` varchar(160) DEFAULT NULL,
  PRIMARY KEY (`id`),
  KEY `name_idx` (`name`)
) ENGINE=InnoDB DEFAULT CHARSET=utf8 AUTO_INCREMENT=1 ;













ALTER TABLE `bg_de_relation`
  ADD CONSTRAINT `bg_de_relation_from_word_id_bg_word_id` FOREIGN KEY (`from_word_id`) REFERENCES `bg_word` (`id`),
  ADD CONSTRAINT `bg_de_relation_to_word_id_de_word_id` FOREIGN KEY (`to_word_id`) REFERENCES `de_word` (`id`);




ALTER TABLE `bg_en_relation`
  ADD CONSTRAINT `bg_en_relation_from_word_id_bg_word_id` FOREIGN KEY (`from_word_id`) REFERENCES `bg_word` (`id`),
  ADD CONSTRAINT `bg_en_relation_to_word_id_en_word_id` FOREIGN KEY (`to_word_id`) REFERENCES `en_word` (`id`);




ALTER TABLE `de_en_relation`
  ADD CONSTRAINT `de_en_relation_from_word_id_de_word_id` FOREIGN KEY (`from_word_id`) REFERENCES `de_word` (`id`),
  ADD CONSTRAINT `de_en_relation_to_word_id_en_word_id` FOREIGN KEY (`to_word_id`) REFERENCES `en_word` (`id`);
